#STN,YY,MM,DD,hh,mm,WVHT,SwH,SwP,WWH,WWP,SwD,WWD,STEEPNESS,APD,MWD,STATION_ID,latitude,longitude,NAME
41001,2024,05,18,15,40,1.2,1.1,6.2,0.5,3.8,NW,NW,STEEP,5.1,323,41001,34.703,-72.242,EAST HATTERAS - 150 NM East of Cape Hatteras
41001,2024,05,18,15,10,1.3,1.2,6.7,0.5,4.0,NNW,NNW,STEEP,5.1,347,41001,34.703,-72.242,EAST HATTERAS - 150 NM East of Cape Hatteras
41002,2024,05,18,15,40,1.0,0.9,7.7,0.5,4.8,NE,SW,AVERAGE,5.6,36,41002,31.759,-74.936,SOUTH HATTERAS - 225 NM South of Cape Hatteras
41002,2024,05,18,15,10,1.1,0.9,8.3,0.5,4.8,NNE,SW,SWELL,5.9,15,41002,31.759,-74.936,SOUTH HATTERAS - 225 NM South of Cape Hatteras
41004,2024,05,18,15,40,0.8,0.7,5.6,0.4,3.8,SSE,SSW,STEEP,4.7,166,41004,32.502,-79.099,"EDISTO - 41 NM Southeast of Charleston, SC"
41004,2024,05,18,15,10,0.9,0.8,5.3,0.4,3.3,S,S,STEEP,4.7,169,41004,32.502,-79.099,"EDISTO - 41 NM Southeast of Charleston, SC"
41008,2024,05,18,15,40,0.6,0.5,4.5,0.4,3.3,SE,SSW,,4.0,127,41008,31.4,-80.866,"GRAYS REEF - 40 NM Southeast of Savannah, GA"
41008,2024,05,18,15,10,0.6,0.5,4.3,0.4,4.0,SE,SSE,,4.0,133,41008,31.4,-80.866,"GRAYS REEF - 40 NM Southeast of Savannah, GA"
41009,2024,05,18,15,40,0.5,0.3,10.0,0.3,2.9,ENE,SSE,,3.7,69,41009,28.508,-80.185,"CANAVERAL 20 NM East of Cape Canaveral, FL"
41009,2024,05,18,15,10,0.5,0.4,10.0,0.3,3.0,ENE,SSE,,3.9,61,41009,28.508,-80.185,"CANAVERAL 20 NM East of Cape Canaveral, FL"
41010,2024,05,18,15,40,0.6,0.5,9.1,0.2,3.2,NE,SSE,,5.1,56,41010,28.878,-78.467,CANAVERAL EAST - 120NM East of Cape Canaveral
41010,2024,05,18,15,10,0.5,0.4,10.0,0.3,3.1,ENE,SSE,,4.4,67,41010,28.878,-78.467,CANAVERAL EAST - 120NM East of Cape Canaveral
41013,2024,05,18,15,40,1.0,0.8,6.2,0.5,4.3,ESE,S,STEEP,4.8,121,41013,33.441,-77.764,"Frying Pan Shoals, NC"
41013,2024,05,18,15,10,1.0,0.8,6.7,0.6,4.5,SE,SSE,AVERAGE,4.9,128,41013,33.441,-77.764,"Frying Pan Shoals, NC"
41040,2024,05,18,15,40,1.9,0.0,MM,1.9,6.2,MM,E,VERY_STEEP,5.3,83,41040,14.536,-53.136,NORTH EQUATORIAL ONE- 470 NM East of Martinique
41040,2024,05,18,15,10,2.0,0.7,9.1,1.8,7.7,ESE,E,STEEP,5.4,95,41040,14.536,-53.136,NORTH EQUATORIAL ONE- 470 NM East of Martinique
41043,2024,05,18,15,40,1.0,1.0,7.7,0.3,3.3,ESE,SE,AVERAGE,6.2,103,41043,21.026,-64.793,"NE PUERTO RICO - 170 NM NNE of San Juan, PR"
41043,2024,05,18,15,10,1.0,1.0,9.1,0.3,4.0,ENE,SE,SWELL,6.3,73,41043,21.026,-64.793,"NE PUERTO RICO - 170 NM NNE of San Juan, PR"
41044,2024,05,18,15,40,1.1,1.1,10.0,0.3,3.7,E,SE,SWELL,6.0,99,41044,21.582,-58.63,NE ST MARTIN - 330 NM NE St Martin Is
41044,2024,05,18,15,10,1.2,1.1,7.7,0.3,3.6,E,SE,AVERAGE,5.9,80,41044,21.582,-58.63,NE ST MARTIN - 330 NM NE St Martin Is
41046,2024,05,18,15,40,0.8,0.7,8.3,0.2,3.8,E,SSE,,6.3,92,41046,23.822,-68.393,"EAST BAHAMAS - 335 NM East of San Salvador Is,  Bahamas "
41046,2024,05,18,15,10,0.8,0.7,10.8,0.2,3.7,ESE,SSE,,6.1,113,41046,23.822,-68.393,"EAST BAHAMAS - 335 NM East of San Salvador Is,  Bahamas "
41047,2024,05,18,15,40,1.0,1.0,9.1,0.2,3.4,N,SSE,SWELL,6.5,7,41047,27.465,-71.452,"NE BAHAMAS - 350 NM ENE of Nassau, Bahamas"
41047,2024,05,18,15,10,1.1,1.0,10.0,0.2,3.4,NNE,WSW,SWELL,6.7,28,41047,27.465,-71.452,"NE BAHAMAS - 350 NM ENE of Nassau, Bahamas"
41049,2024,05,18,15,40,1.3,1.2,9.1,0.5,3.8,NNW,S,SWELL,5.6,329,41049,27.505,-62.271,SOUTH BERMUDA - 300 NM SSE of Bermuda
41049,2024,05,18,15,10,1.1,1.0,10.0,0.5,3.7,SE,SSW,SWELL,5.3,129,41049,27.505,-62.271,SOUTH BERMUDA - 300 NM SSE of Bermuda
41052,2024,05,18,15,00,0.8,MM,MM,MM,MM,MM,MM,STEEP,MM,108,41052,18.249,-64.763,"South of St. John, VI"
41053,2024,05,18,15,00,0.7,MM,MM,MM,MM,MM,MM,,MM,46,41053,18.474,-66.099,"San Juan, PR"
41056,2024,05,18,15,00,0.6,MM,MM,MM,MM,MM,MM,,MM,58,41056,18.261,-65.464,"Vieques Island, PR"
41065,2024,05,18,15,22,0.7,MM,MM,MM,MM,MM,MM,,4.3,152,41065,32.802,-79.619,Capers Nearshore Waves (CAP2WAVE)
41067,2024,05,18,15,45,0.7,MM,MM,MM,MM,MM,MM,,4.0,152,41067,32.276,-80.406,FRP2WAVE
41070,2024,05,18,15,35,0.4,MM,MM,MM,MM,MM,MM,,4.0,100,41070,29.289,-80.803,Ponce de Leon Inlet Waves (PNCWAVE)
41076,2024,05,18,15,08,1.0,MM,MM,MM,MM,MM,MM,STEEP,4.8,169,41076,32.536,-79.659,CHR60WAVE
41082,2024,05,18,15,20,1.1,MM,MM,MM,MM,MM,MM,AVERAGE,MM,70,41082,35.95,-75.125,OOI Pioneer - Mid-Atlantic Bight Central Surface Mooring
41083,2024,05,18,15,20,1.3,MM,MM,MM,MM,MM,MM,AVERAGE,MM,45,41083,35.725,-74.853,OOI Mid-Atlantic Bright Southern Surface Mooring
41108,2024,05,18,15,30,0.8,0.1,10.5,0.8,4.5,SE,S,VERY_STEEP,4.2,180,41108,33.721,-78.016,"Wilmington Harbor, NC - (200)"
41108,2024,05,18,15,00,0.7,0.1,10.0,0.7,4.5,SE,SSE,,4.1,156,41108,33.721,-78.016,"Wilmington Harbor, NC - (200)"
41110,2024,05,18,15,56,0.8,0.1,10.5,0.8,6.7,ESE,SE,,4.6,129,41110,34.142,-77.715,"Masonboro Inlet, ILM2, NC (150)"
41110,2024,05,18,15,26,0.8,0.1,10.5,0.8,4.8,E,SSE,VERY_STEEP,4.7,167,41110,34.142,-77.715,"Masonboro Inlet, ILM2, NC (150)"
41112,2024,05,18,15,30,0.5,0.1,10.5,0.5,3.9,E,SE,,3.6,134,41112,30.709,-81.292,"Offshore Fernandina Beach, FL (132)"
41112,2024,05,18,15,00,0.5,0.1,10.0,0.5,3.7,E,SSE,,3.6,152,41112,30.709,-81.292,"Offshore Fernandina Beach, FL (132)"
41113,2024,05,18,15,56,0.4,0.1,10.5,0.3,9.1,E,E,,4.1,97,41113,28.4,-80.533,"Cape Canaveral Nearshore, FL (143)"
41113,2024,05,18,15,26,0.4,0.1,11.1,0.3,9.9,ESE,E,,3.9,103,41113,28.4,-80.533,"Cape Canaveral Nearshore, FL (143)"
41114,2024,05,18,15,56,0.4,0.2,11.1,0.3,9.1,ENE,ENE,,4.7,58,41114,27.552,-80.216,"Fort Pierce, FL (134)"
41114,2024,05,18,15,26,0.4,0.1,11.1,0.3,9.1,ENE,NE,,4.9,56,41114,27.552,-80.216,"Fort Pierce, FL (134)"
41115,2024,05,18,15,56,0.4,0.1,10.5,0.4,8.3,N,NNE,,5.3,17,41115,18.376,-67.28,"Rincon, Puerto Rico (181)"
41115,2024,05,18,15,26,0.4,0.1,11.1,0.4,9.9,NNE,N,,5.4,7,41115,18.376,-67.28,"Rincon, Puerto Rico (181)"
41117,2024,05,18,15,56,0.4,0.1,11.1,0.4,9.9,ENE,ENE,,4.5,76,41117,29.999,-81.079,"St. Augustine, FL (194)"
41117,2024,05,18,15,26,0.4,0.1,11.1,0.4,9.1,ENE,E,,4.4,83,41117,29.999,-81.079,"St. Augustine, FL (194)"
41120,2024,05,18,15,30,1.0,0.2,10.0,1.0,8.7,ENE,NE,AVERAGE,5.2,54,41120,35.258,-75.285,"Cape Hatteras East, NC (250)"
41120,2024,05,18,15,00,1.0,0.2,10.0,1.0,7.7,E,NE,AVERAGE,5.2,50,41120,35.258,-75.285,"Cape Hatteras East, NC (250)"
41159,2024,05,18,15,56,0.9,0.1,10.5,0.9,6.2,ESE,SE,STEEP,4.8,143,41159,34.213,-76.949,"Onslow Bay Outer, NC (217)"
41159,2024,05,18,15,26,0.8,0.1,10.5,0.8,6.2,ESE,SE,STEEP,4.9,143,41159,34.213,-76.949,"Onslow Bay Outer, NC (217)"
42001,2024,05,18,15,40,2.1,1.9,7.7,0.9,4.8,SSE,SSE,STEEP,6.2,149,42001,25.926,-89.662,"MID GULF - 180 nm South of Southwest Pass, LA"
42001,2024,05,18,15,10,2.1,2.0,7.7,0.7,3.2,SSE,SSE,STEEP,6.0,152,42001,25.926,-89.662,"MID GULF - 180 nm South of Southwest Pass, LA"
42002,2024,05,18,15,40,1.5,1.4,7.7,0.5,4.2,ESE,SE,AVERAGE,6.0,110,42002,26.055,-93.646,"WEST GULF - 207 NM East of Brownsville, TX"
42002,2024,05,18,15,10,1.4,1.4,6.2,0.3,3.8,SE,ESE,STEEP,6.0,129,42002,26.055,-93.646,"WEST GULF - 207 NM East of Brownsville, TX"
42012,2024,05,18,15,40,1.0,0.0,MM,1.0,7.1,MM,SSW,AVERAGE,5.5,194,42012,30.06,-87.548,"ORANGE BEACH - 44 NM SE of Mobile, AL"
42012,2024,05,18,15,10,0.9,0.7,7.1,0.6,5.6,SSW,SSW,AVERAGE,5.7,196,42012,30.06,-87.548,"ORANGE BEACH - 44 NM SE of Mobile, AL"
42019,2024,05,18,15,40,1.4,0.5,8.3,1.3,6.7,SE,ESE,STEEP,4.7,114,42019,27.908,-95.343,"FREEPORT, TX - 60 NM South of Freeport, TX"
42019,2024,05,18,15,10,1.4,0.4,9.1,1.4,5.3,SE,E,VERY_STEEP,4.7,82,42019,27.908,-95.343,"FREEPORT, TX - 60 NM South of Freeport, TX"
42020,2024,05,18,15,40,1.2,1.1,6.7,0.4,4.0,SE,NE,STEEP,5.1,134,42020,26.97,-96.679,"CORPUS CHRISTI, TX - 60NM SSE of Corpus Christi, TX"
42020,2024,05,18,15,10,1.1,1.0,6.7,0.5,3.1,SE,NE,STEEP,4.9,135,42020,26.97,-96.679,"CORPUS CHRISTI, TX - 60NM SSE of Corpus Christi, TX"
42035,2024,05,18,15,40,1.0,0.9,7.1,0.5,3.8,SE,ESE,AVERAGE,4.7,143,42035,29.235,-94.406,"GALVESTON,TX -  22 NM East of Galveston, TX"
42035,2024,05,18,15,10,0.9,0.8,7.7,0.4,3.7,SE,E,AVERAGE,4.7,139,42035,29.235,-94.406,"GALVESTON,TX -  22 NM East of Galveston, TX"
42036,2024,05,18,15,40,1.1,1.1,7.7,0.3,3.4,SSW,S,AVERAGE,5.9,204,42036,28.501,-84.508,"WEST TAMPA  - 112 NM WNW of Tampa, FL"
42036,2024,05,18,15,10,1.0,1.0,7.7,0.3,3.7,SSW,S,AVERAGE,5.6,207,42036,28.501,-84.508,"WEST TAMPA  - 112 NM WNW of Tampa, FL"
42040,2024,05,18,15,40,1.1,MM,MM,MM,MM,MM,MM,AVERAGE,5.0,163,42040,29.207,-88.237,"LUKE OFFSHORE TEST PLATFORM - 63 NM South of Dauphin Island, AL"
42040,2024,05,18,15,10,1.1,MM,MM,MM,MM,MM,MM,AVERAGE,4.5,168,42040,29.207,-88.237,"LUKE OFFSHORE TEST PLATFORM - 63 NM South of Dauphin Island, AL"
42055,2024,05,18,15,40,1.0,0.9,5.0,0.4,3.7,ESE,ESE,VERY_STEEP,4.9,104,42055,22.14,-94.112,"BAY OF CAMPECHE - 214 NM NE of Veracruz, MX"
42055,2024,05,18,15,10,1.0,0.9,5.6,0.4,3.8,ESE,E,STEEP,4.8,122,42055,22.14,-94.112,"BAY OF CAMPECHE - 214 NM NE of Veracruz, MX"
42056,2024,05,18,15,40,2.5,0.0,MM,2.5,7.7,MM,SE,STEEP,5.7,142,42056,19.82,-84.945," Yucatan Basin - 120 NM ESE of Cozumel, MX"
42056,2024,05,18,15,10,2.4,0.4,11.4,2.4,7.7,SSW,SSE,STEEP,5.8,147,42056,19.82,-84.945," Yucatan Basin - 120 NM ESE of Cozumel, MX"
42057,2024,05,18,15,40,1.2,0.4,7.1,1.1,5.3,ESE,ESE,VERY_STEEP,4.1,123,42057,16.973,-81.575,"Western Caribbean - 195 NM WSW of Negril, Jamaica"
42057,2024,05,18,15,10,1.1,0.3,7.7,1.1,5.3,E,SE,VERY_STEEP,4.1,124,42057,16.973,-81.575,"Western Caribbean - 195 NM WSW of Negril, Jamaica"
42058,2024,05,18,15,40,1.6,0.4,11.4,1.5,5.9,SE,E,VERY_STEEP,4.6,87,42058,14.525,-75.14,"Central Caribbean - 210 NM SSE of Kingston, Jamaica"
42058,2024,05,18,15,10,1.5,0.2,11.4,1.5,5.0,S,E,VERY_STEEP,4.6,82,42058,14.525,-75.14,"Central Caribbean - 210 NM SSE of Kingston, Jamaica"
42059,2024,05,18,15,40,1.1,0.5,7.1,1.0,5.6,ESE,ESE,STEEP,4.4,107,42059,15.3,-67.483,"Eastern Caribbean Sea - 180 NM SSW of Ponce, PR"
42059,2024,05,18,15,10,1.1,0.4,7.7,1.1,4.8,E,E,VERY_STEEP,4.4,98,42059,15.3,-67.483,"Eastern Caribbean Sea - 180 NM SSW of Ponce, PR"
42060,2024,05,18,15,40,1.0,0.7,8.3,0.7,4.8,NNE,E,VERY_STEEP,4.5,84,42060,16.434,-63.329,Caribbean Valley - 63 NM WSW of Montserrat
42060,2024,05,18,15,10,1.0,0.6,7.1,0.8,5.3,ESE,E,VERY_STEEP,4.5,97,42060,16.434,-63.329,Caribbean Valley - 63 NM WSW of Montserrat
42084,2024,05,18,15,30,1.1,0.1,10.0,1.1,8.7,S,S,AVERAGE,5.8,176,42084,28.988,-89.649,"Southwest Pass Entrance W, LA (256)"
42084,2024,05,18,15,00,1.2,0.1,10.0,1.2,8.0,S,S,AVERAGE,6.0,174,42084,28.988,-89.649,"Southwest Pass Entrance W, LA (256)"
42085,2024,05,18,15,00,0.7,MM,MM,MM,MM,MM,MM,,MM,130,42085,17.87,-66.537,"Southeast of Ponce, PR"
42091,2024,05,18,15,56,1.1,0.1,10.5,1.1,7.7,S,SSE,AVERAGE,5.4,150,42091,29.087,-92.506,"Trinity Shoal, LA (255)"
42091,2024,05,18,15,26,1.1,0.1,10.5,1.1,8.3,SE,SSE,AVERAGE,5.2,150,42091,29.087,-92.506,"Trinity Shoal, LA (255)"
42095,2024,05,18,15,30,0.7,0.0,10.5,0.7,2.9,S,S,,3.0,171,42095,24.409,-81.968,"Satan Shoal, FL (244)"
42095,2024,05,18,15,00,0.7,0.0,10.0,0.7,4.8,S,E,,3.0,98,42095,24.409,-81.968,"Satan Shoal, FL (244)"
42097,2024,05,18,15,56,1.0,0.1,10.5,1.0,7.7,SW,SSW,AVERAGE,4.4,213,42097,25.714,-83.65,"Pulley Ridge, FL (226)"
42097,2024,05,18,15,26,1.0,0.1,10.5,1.0,7.7,SSW,SSW,AVERAGE,4.6,210,42097,25.714,-83.65,"Pulley Ridge, FL (226)"
42098,2024,05,18,15,56,0.9,0.0,10.5,0.9,7.1,SW,SW,AVERAGE,4.2,234,42098,27.59,-82.931,"Egmont Channel Entrance, FL (214)"
42098,2024,05,18,15,26,1.0,0.0,10.5,1.0,7.1,SSW,SW,AVERAGE,4.4,227,42098,27.59,-82.931,"Egmont Channel Entrance, FL (214)"
42099,2024,05,18,15,30,1.4,0.1,10.0,1.4,7.4,SSW,SSW,AVERAGE,5.1,212,42099,27.349,-84.275,"Offshore St. Petersburg, FL (144)"
42099,2024,05,18,15,00,1.3,0.1,10.0,1.3,6.9,SSW,SW,STEEP,5.1,216,42099,27.349,-84.275,"Offshore St. Petersburg, FL (144)"
44007,2024,05,18,15,40,1.3,1.2,8.3,0.5,4.5,SE,ESE,AVERAGE,5.8,132,44007,43.525,-70.14,"PORTLAND - 12 NM Southeast of Portland,ME"
44007,2024,05,18,15,10,1.2,1.2,9.1,0.4,4.3,SE,ESE,SWELL,5.8,128,44007,43.525,-70.14,"PORTLAND - 12 NM Southeast of Portland,ME"
44008,2024,05,18,15,40,1.6,1.5,8.3,0.7,4.3,E,NE,AVERAGE,5.3,98,44008,40.496,-69.25,NANTUCKET 54 NM Southeast of Nantucket
44008,2024,05,18,15,10,1.7,1.5,7.7,0.7,4.5,E,ENE,STEEP,5.4,91,44008,40.496,-69.25,NANTUCKET 54 NM Southeast of Nantucket
44009,2024,05,18,15,40,1.1,1.1,7.7,0.3,3.7,ENE,ENE,AVERAGE,6.1,64,44009,38.46,-74.692,"DELAWARE BAY 26 NM Southeast of Cape May, NJ"
44009,2024,05,18,15,10,1.2,1.2,8.3,0.3,3.8,ENE,E,AVERAGE,6.2,73,44009,38.46,-74.692,"DELAWARE BAY 26 NM Southeast of Cape May, NJ"
44011,2024,05,18,15,40,2.0,1.6,7.7,1.2,5.3,NW,NNE,STEEP,5.6,314,44011,41.093,-66.562,"GEORGES BANK 170 NM East of Hyannis, MA"
44011,2024,05,18,15,10,1.8,1.3,8.3,1.2,5.9,WNW,NNE,AVERAGE,5.6,295,44011,41.093,-66.562,"GEORGES BANK 170 NM East of Hyannis, MA"
44013,2024,05,18,15,40,1.6,1.2,8.3,1.1,5.9,ESE,E,AVERAGE,5.2,117,44013,42.346,-70.651,"BOSTON 16 NM East of Boston, MA"
44013,2024,05,18,15,10,1.6,0.9,7.7,1.3,5.3,ESE,E,AVERAGE,5.1,104,44013,42.346,-70.651,"BOSTON 16 NM East of Boston, MA"
44014,2024,05,18,15,40,1.2,1.2,7.7,0.3,4.0,ENE,NE,AVERAGE,6.1,57,44014,36.603,-74.837,"VIRGINIA BEACH 64 NM East of Virginia Beach, VA"
44014,2024,05,18,15,10,1.2,1.2,7.7,0.3,3.8,NE,NE,AVERAGE,6.0,44,44014,36.603,-74.837,"VIRGINIA BEACH 64 NM East of Virginia Beach, VA"
44018,2024,05,18,15,40,1.8,MM,MM,MM,MM,MM,MM,STEEP,5.5,105,44018,42.203,-70.154,"CAPE COD - 9 NM North of Provincetown, MA"
44018,2024,05,18,15,10,1.8,MM,MM,MM,MM,MM,MM,STEEP,5.6,110,44018,42.203,-70.154,"CAPE COD - 9 NM North of Provincetown, MA"
44020,2024,05,18,15,40,0.5,0.2,7.7,0.5,3.1,ESE,ENE,,3.2,68,44020,41.497,-70.283,NANTUCKET SOUND
44020,2024,05,18,15,10,0.5,0.2,6.7,0.5,3.0,ESE,ENE,,3.2,57,44020,41.497,-70.283,NANTUCKET SOUND
44025,2024,05,18,15,40,1.5,1.5,8.3,0.3,3.3,E,ESE,AVERAGE,6.5,93,44025,40.258,-73.175,"LONG ISLAND - 30 NM South of Islip, NY"
44025,2024,05,18,15,10,1.5,1.5,8.3,0.3,4.0,E,E,AVERAGE,6.4,94,44025,40.258,-73.175,"LONG ISLAND - 30 NM South of Islip, NY"
44027,2024,05,18,15,40,1.2,0.9,8.3,0.8,3.2,SE,NE,AVERAGE,4.4,140,44027,44.284,-67.301,"Jonesport, ME - 20 NM SE of Jonesport, ME"
44027,2024,05,18,15,10,1.2,1.0,8.3,0.8,5.3,SSE,SSE,AVERAGE,4.8,148,44027,44.284,-67.301,"Jonesport, ME - 20 NM SE of Jonesport, ME"
44056,2024,05,18,15,56,0.9,0.2,10.5,0.9,7.7,ENE,ENE,AVERAGE,5.0,58,44056,36.2,-75.714,"Duck FRF, NC"
44056,2024,05,18,15,26,1.0,0.2,10.5,1.0,8.3,E,ENE,AVERAGE,5.1,57,44056,36.2,-75.714,"Duck FRF, NC"
44065,2024,05,18,15,40,1.1,1.0,7.1,0.3,3.8,ESE,ESE,AVERAGE,6.0,105,44065,40.368,-73.701,"New York Harbor Entrance - 15 NM SE of Breezy Point , NY"
44065,2024,05,18,15,10,1.1,1.0,7.1,0.3,3.1,E,E,AVERAGE,6.1,98,44065,40.368,-73.701,"New York Harbor Entrance - 15 NM SE of Breezy Point , NY"
44079,2024,05,18,15,20,1.2,MM,MM,MM,MM,MM,MM,AVERAGE,MM,58,44079,36.175,-74.827,OOI Mid-Atlantic Bright Northern Surface Mooring
44084,2024,05,18,15,30,0.8,0.2,10.0,0.8,8.3,E,ENE,AVERAGE,6.2,63,44084,38.537,-75.044,"Bethany Beach, DE (263)"
44084,2024,05,18,15,00,0.9,0.2,10.0,0.8,9.1,ENE,ENE,AVERAGE,6.5,65,44084,38.537,-75.044,"Bethany Beach, DE (263)"
44085,2024,05,18,15,30,0.8,0.1,10.0,0.8,3.7,SSE,NE,VERY_STEEP,3.4,49,44085,41.387,-71.032,"Buzzards Bay, MA (260)"
44085,2024,05,18,15,00,0.8,0.1,10.0,0.8,8.0,SSE,SSE,AVERAGE,3.4,150,44085,41.387,-71.032,"Buzzards Bay, MA (260)"
44086,2024,05,18,15,56,1.1,0.2,10.5,1.1,8.3,E,NE,AVERAGE,5.5,49,44086,36.001,-75.421,"Nags Head, NC (243)"
44086,2024,05,18,15,26,1.1,0.2,10.5,1.1,7.7,ENE,NE,AVERAGE,5.6,48,44086,36.001,-75.421,"Nags Head, NC (243)"
44087,2024,05,18,15,56,0.6,0.1,10.5,0.6,4.0,ESE,ESE,,3.4,104,44087,37.026,-76.149,"Thimble Shoal, VA (240)"
44087,2024,05,18,15,26,0.7,0.1,10.5,0.7,3.9,ESE,E,,3.4,100,44087,37.026,-76.149,"Thimble Shoal, VA (240)"
44088,2024,05,18,15,30,1.3,0.3,10.0,1.3,7.4,ENE,NE,AVERAGE,6.2,43,44088,36.614,-74.841,"Virginia Beach Offshore, VA (171)"
44088,2024,05,18,15,00,1.3,0.3,10.0,1.2,7.7,ENE,NE,AVERAGE,6.0,52,44088,36.614,-74.841,"Virginia Beach Offshore, VA (171)"
44089,2024,05,18,15,56,1.0,0.1,10.5,1.0,7.7,E,E,AVERAGE,6.0,83,44089,37.754,-75.325,"Wallops Island, VA (224)"
44089,2024,05,18,15,26,1.0,0.2,10.5,1.0,7.7,E,E,AVERAGE,5.9,79,44089,37.754,-75.325,"Wallops Island, VA (224)"
44090,2024,05,18,15,30,0.6,0.0,10.0,0.6,3.6,N,NNE,,2.9,15,44090,41.84,-70.329,"Cape Cod Bay, MA (221)"
44090,2024,05,18,15,00,0.6,0.0,10.0,0.6,3.6,N,N,,2.9,5,44090,41.84,-70.329,"Cape Cod Bay, MA (221)"
44091,2024,05,18,15,56,1.2,0.2,11.1,1.2,7.7,E,E,AVERAGE,5.9,84,44091,39.768,-73.77,"Barnegat, NJ (209)"
44091,2024,05,18,15,26,1.1,0.2,10.5,1.1,8.3,E,E,AVERAGE,5.9,84,44091,39.768,-73.77,"Barnegat, NJ (209)"
44095,2024,05,18,15,56,1.0,0.9,8.3,0.5,4.2,NE,NNE,SWELL,5.3,45,44095,35.75,-75.33,"Oregon Inlet, NC (192)"
44095,2024,05,18,15,26,1.0,0.9,7.7,0.4,4.8,NE,NE,AVERAGE,5.4,47,44095,35.75,-75.33,"Oregon Inlet, NC (192)"
44097,2024,05,18,15,56,1.3,0.2,10.5,1.3,7.1,ESE,ESE,STEEP,5.4,108,44097,40.967,-71.124,"Block Island, RI  (154)"
44097,2024,05,18,15,26,1.2,0.2,10.5,1.2,8.3,ESE,ESE,AVERAGE,5.1,115,44097,40.967,-71.124,"Block Island, RI  (154)"
44098,2024,05,18,15,56,1.9,0.2,10.5,1.9,8.3,ESE,ESE,AVERAGE,5.6,121,44098,42.8,-70.171,"Jeffrey's Ledge, NH (160)"
44098,2024,05,18,15,26,1.8,0.2,10.5,1.8,7.7,ESE,ESE,STEEP,5.3,123,44098,42.8,-70.171,"Jeffrey's Ledge, NH (160)"
44099,2024,05,18,15,56,1.0,0.2,10.5,1.0,7.7,E,ENE,AVERAGE,4.7,64,44099,36.915,-75.722,"Cape Henry, VA (147)"
44099,2024,05,18,15,26,0.9,0.1,10.5,0.9,7.1,ENE,ENE,AVERAGE,4.5,69,44099,36.915,-75.722,"Cape Henry, VA (147)"
44100,2024,05,18,15,30,1.1,0.2,10.0,1.1,6.7,ENE,NE,STEEP,5.2,54,44100,36.258,-75.593,"Duck FRF 26m, NC (430)"
44100,2024,05,18,15,00,1.1,0.2,10.0,1.1,7.7,ENE,NE,AVERAGE,5.3,50,44100,36.258,-75.593,"Duck FRF 26m, NC (430)"
45001,2024,05,18,15,40,0.7,0.0,8.3,0.7,4.2,NNW,SE,,3.5,130,45001,48.061,-87.793,"MID SUPERIOR- 60 NM North Northeast Hancock, MI"
45001,2024,05,18,15,10,0.8,0.0,7.7,0.8,4.3,NW,SE,,3.4,134,45001,48.061,-87.793,"MID SUPERIOR- 60 NM North Northeast Hancock, MI"
45002,2024,05,18,15,40,0.1,MM,MM,MM,MM,MM,MM,,2.5,-99,45002,45.344,-86.411,NORTH MICHIGAN- Halfway between North Manitou and Washington Islands.
45002,2024,05,18,15,10,0.1,MM,MM,MM,MM,MM,MM,,2.6,-99,45002,45.344,-86.411,NORTH MICHIGAN- Halfway between North Manitou and Washington Islands.
45003,2024,05,18,15,40,0.2,MM,MM,MM,MM,MM,MM,,2.5,-99,45003,45.351,-82.84,"NORTH HURON - 32NM Northeast of Alpena, MI"
45003,2024,05,18,15,10,0.2,MM,MM,MM,MM,MM,MM,,2.5,-99,45003,45.351,-82.84,"NORTH HURON - 32NM Northeast of Alpena, MI"
45004,2024,05,18,15,40,0.7,0.0,7.1,0.7,3.8,W,SE,,3.2,138,45004,47.585,-86.585,"EAST SUPERIOR -70 NM NE Marquette, MI"
45004,2024,05,18,15,10,0.7,0.0,8.3,0.7,3.7,NE,SE,,3.3,141,45004,47.585,-86.585,"EAST SUPERIOR -70 NM NE Marquette, MI"
45005,2024,05,18,15,40,0.2,MM,MM,MM,MM,MM,MM,,2.7,-99,45005,41.677,-82.398,"WEST ERIE - 16 NM NW of Lorain, OH"
45005,2024,05,18,15,10,0.2,MM,MM,MM,MM,MM,MM,,2.8,-99,45005,41.677,-82.398,"WEST ERIE - 16 NM NW of Lorain, OH"
45007,2024,05,18,15,40,0.0,MM,MM,MM,MM,MM,MM,,3.8,-99,45007,42.674,-87.026,"SOUTH MICHIGAN - 43NM East Southeast of Milwaukee, WI"
45007,2024,05,18,15,10,0.1,MM,MM,MM,MM,MM,MM,,2.7,-99,45007,42.674,-87.026,"SOUTH MICHIGAN - 43NM East Southeast of Milwaukee, WI"
45008,2024,05,18,15,40,0.0,MM,MM,MM,MM,MM,MM,,2.8,-99,45008,44.283,-82.416,"SOUTH HURON - 43NM East of Oscoda, MI"
45008,2024,05,18,15,10,0.0,MM,MM,MM,MM,MM,MM,,2.8,-99,45008,44.283,-82.416,"SOUTH HURON - 43NM East of Oscoda, MI"
45013,2024,05,18,15,30,0.1,MM,MM,MM,MM,MM,MM,,MM,123,45013,43.1,-87.85,"ATW20 - Atwater Park, WI"
45013,2024,05,18,15,00,0.1,MM,MM,MM,MM,MM,MM,,MM,128,45013,43.1,-87.85,"ATW20 - Atwater Park, WI"
45023,2024,05,18,15,40,0.1,MM,MM,MM,MM,MM,MM,,MM,257,45023,47.27,-88.607,"North Entry Buoy, North Keweenaw Peninsula, MI"
45023,2024,05,18,15,20,0.1,MM,MM,MM,MM,MM,MM,,MM,245,45023,47.27,-88.607,"North Entry Buoy, North Keweenaw Peninsula, MI"
45023,2024,05,18,15,00,0.1,MM,MM,MM,MM,MM,MM,,MM,225,45023,47.27,-88.607,"North Entry Buoy, North Keweenaw Peninsula, MI"
45025,2024,05,18,15,40,0.2,MM,MM,MM,MM,MM,MM,,MM,62,45025,46.969,-88.398,"South Entry Buoy, South Keweenaw Peninsula, MI"
45025,2024,05,18,15,20,0.2,MM,MM,MM,MM,MM,MM,,MM,66,45025,46.969,-88.398,"South Entry Buoy, South Keweenaw Peninsula, MI"
45025,2024,05,18,15,00,0.2,MM,MM,MM,MM,MM,MM,,MM,59,45025,46.969,-88.398,"South Entry Buoy, South Keweenaw Peninsula, MI"
45027,2024,05,18,15,50,0.6,MM,MM,MM,MM,MM,MM,,MM,96,45027,46.86,-91.93,"McQuade Harbor Nearshore, MN"
45027,2024,05,18,15,40,0.6,MM,MM,MM,MM,MM,MM,,MM,90,45027,46.86,-91.93,"McQuade Harbor Nearshore, MN"
45027,2024,05,18,15,30,0.6,MM,MM,MM,MM,MM,MM,,MM,82,45027,46.86,-91.93,"McQuade Harbor Nearshore, MN"
45027,2024,05,18,15,20,0.6,MM,MM,MM,MM,MM,MM,,MM,77,45027,46.86,-91.93,"McQuade Harbor Nearshore, MN"
45027,2024,05,18,15,10,0.6,MM,MM,MM,MM,MM,MM,,MM,77,45027,46.86,-91.93,"McQuade Harbor Nearshore, MN"
45027,2024,05,18,15,00,0.7,MM,MM,MM,MM,MM,MM,,MM,76,45027,46.86,-91.93,"McQuade Harbor Nearshore, MN"
45029,2024,05,18,15,50,0.1,MM,MM,MM,MM,MM,MM,,MM,339,45029,42.9,-86.272,"Holland Buoy, MI"
45029,2024,05,18,15,30,0.1,MM,MM,MM,MM,MM,MM,,MM,318,45029,42.9,-86.272,"Holland Buoy, MI"
45029,2024,05,18,15,20,0.1,MM,MM,MM,MM,MM,MM,,MM,61,45029,42.9,-86.272,"Holland Buoy, MI"
45029,2024,05,18,15,10,0.1,MM,MM,MM,MM,MM,MM,,MM,294,45029,42.9,-86.272,"Holland Buoy, MI"
45161,2024,05,18,15,40,0.1,MM,MM,MM,MM,MM,MM,,MM,325,45161,43.185,-86.352,"Muskegon Buoy, MI"
45161,2024,05,18,15,10,0.1,MM,MM,MM,MM,MM,MM,,MM,294,45161,43.185,-86.352,"Muskegon Buoy, MI"
45162,2024,05,18,15,40,0.2,MM,MM,MM,MM,MM,MM,,MM,30,45162,44.99,-83.271,"Thunder Bay Buoy, Alpena, MI"
45162,2024,05,18,15,20,0.2,MM,MM,MM,MM,MM,MM,,MM,113,45162,44.99,-83.271,"Thunder Bay Buoy, Alpena, MI"
45162,2024,05,18,15,00,0.2,MM,MM,MM,MM,MM,MM,,MM,204,45162,44.99,-83.271,"Thunder Bay Buoy, Alpena, MI"
45163,2024,05,18,15,40,0.1,MM,MM,MM,MM,MM,MM,,MM,13,45163,43.984,-83.597,"Saginaw Bay Buoy, MI"
45163,2024,05,18,15,20,0.1,MM,MM,MM,MM,MM,MM,,MM,219,45163,43.984,-83.597,"Saginaw Bay Buoy, MI"
45163,2024,05,18,15,00,0.1,MM,MM,MM,MM,MM,MM,,MM,112,45163,43.984,-83.597,"Saginaw Bay Buoy, MI"
45168,2024,05,18,15,50,0.1,MM,MM,MM,MM,MM,MM,,MM,88,45168,42.397,-86.331,"South Haven Buoy, MI"
45168,2024,05,18,15,40,0.1,MM,MM,MM,MM,MM,MM,,MM,192,45168,42.397,-86.331,"South Haven Buoy, MI"
45168,2024,05,18,15,30,0.1,MM,MM,MM,MM,MM,MM,,MM,222,45168,42.397,-86.331,"South Haven Buoy, MI"
45168,2024,05,18,15,20,0.1,MM,MM,MM,MM,MM,MM,,MM,197,45168,42.397,-86.331,"South Haven Buoy, MI"
45168,2024,05,18,15,10,0.1,MM,MM,MM,MM,MM,MM,,MM,228,45168,42.397,-86.331,"South Haven Buoy, MI"
45168,2024,05,18,15,00,0.1,MM,MM,MM,MM,MM,MM,,MM,177,45168,42.397,-86.331,"South Haven Buoy, MI"
45175,2024,05,18,15,40,0.1,MM,MM,MM,MM,MM,MM,,MM,85,45175,45.825,-84.772,"Mackinac Straits West, Mackinaw City, MI "
45175,2024,05,18,15,20,0.2,MM,MM,MM,MM,MM,MM,,MM,109,45175,45.825,-84.772,"Mackinac Straits West, Mackinaw City, MI "
45175,2024,05,18,15,00,0.2,MM,MM,MM,MM,MM,MM,,MM,72,45175,45.825,-84.772,"Mackinac Straits West, Mackinaw City, MI "
45176,2024,05,18,15,40,0.3,MM,MM,MM,MM,MM,MM,,MM,32,45176,41.55,-81.765,"Cleveland Intake Crib Buoy, OH"
45176,2024,05,18,15,30,0.3,MM,MM,MM,MM,MM,MM,,MM,28,45176,41.55,-81.765,"Cleveland Intake Crib Buoy, OH"
45176,2024,05,18,15,20,0.3,MM,MM,MM,MM,MM,MM,,MM,23,45176,41.55,-81.765,"Cleveland Intake Crib Buoy, OH"
45176,2024,05,18,15,10,0.3,MM,MM,MM,MM,MM,MM,,MM,25,45176,41.55,-81.765,"Cleveland Intake Crib Buoy, OH"
45176,2024,05,18,15,00,0.2,MM,MM,MM,MM,MM,MM,,MM,19,45176,41.55,-81.765,"Cleveland Intake Crib Buoy, OH"
45186,2024,05,18,15,50,0.1,MM,MM,MM,MM,MM,MM,,MM,-99,45186,42.368,-87.795,"Waukegan Buoy, IL"
45186,2024,05,18,15,40,0.1,MM,MM,MM,MM,MM,MM,,MM,-99,45186,42.368,-87.795,"Waukegan Buoy, IL"
45186,2024,05,18,15,30,0.1,MM,MM,MM,MM,MM,MM,,MM,-99,45186,42.368,-87.795,"Waukegan Buoy, IL"
45186,2024,05,18,15,20,0.1,MM,MM,MM,MM,MM,MM,,MM,-99,45186,42.368,-87.795,"Waukegan Buoy, IL"
45186,2024,05,18,15,10,0.1,MM,MM,MM,MM,MM,MM,,MM,-99,45186,42.368,-87.795,"Waukegan Buoy, IL"
45187,2024,05,18,15,50,0.1,MM,MM,MM,MM,MM,MM,,MM,55,45187,42.491,-87.779,"Winthrop Harbor Buoy, IL"
45187,2024,05,18,15,40,0.1,MM,MM,MM,MM,MM,MM,,MM,194,45187,42.491,-87.779,"Winthrop Harbor Buoy, IL"
45187,2024,05,18,15,30,0.1,MM,MM,MM,MM,MM,MM,,MM,4,45187,42.491,-87.779,"Winthrop Harbor Buoy, IL"
45187,2024,05,18,15,20,0.1,MM,MM,MM,MM,MM,MM,,MM,252,45187,42.491,-87.779,"Winthrop Harbor Buoy, IL"
45187,2024,05,18,15,10,0.1,MM,MM,MM,MM,MM,MM,,MM,185,45187,42.491,-87.779,"Winthrop Harbor Buoy, IL"
45196,2024,05,18,15,50,0.3,MM,MM,MM,MM,MM,MM,,MM,68,45196,41.521,-81.88,"Rocky River, OH"
45196,2024,05,18,15,30,0.3,MM,MM,MM,MM,MM,MM,,MM,47,45196,41.521,-81.88,"Rocky River, OH"
45196,2024,05,18,15,20,0.3,MM,MM,MM,MM,MM,MM,,MM,47,45196,41.521,-81.88,"Rocky River, OH"
45196,2024,05,18,15,10,0.3,MM,MM,MM,MM,MM,MM,,MM,47,45196,41.521,-81.88,"Rocky River, OH"
45196,2024,05,18,15,00,0.3,MM,MM,MM,MM,MM,MM,,MM,31,45196,41.521,-81.88,"Rocky River, OH"
45199,2024,05,18,15,30,0.1,MM,MM,MM,MM,MM,MM,,MM,360,45199,42.702,-87.647,Salmon Unlimited Wisconsin
45199,2024,05,18,15,00,0.1,MM,MM,MM,MM,MM,MM,,MM,23,45199,42.702,-87.647,Salmon Unlimited Wisconsin
45203,2024,05,18,15,50,0.1,MM,MM,MM,MM,MM,MM,,MM,4,45203,41.393,-82.512,Huron Buoy
45203,2024,05,18,15,40,0.1,MM,MM,MM,MM,MM,MM,,MM,357,45203,41.393,-82.512,Huron Buoy
45203,2024,05,18,15,30,0.1,MM,MM,MM,MM,MM,MM,,MM,9,45203,41.393,-82.512,Huron Buoy
45203,2024,05,18,15,20,0.1,MM,MM,MM,MM,MM,MM,,MM,326,45203,41.393,-82.512,Huron Buoy
45203,2024,05,18,15,10,0.1,MM,MM,MM,MM,MM,MM,,MM,9,45203,41.393,-82.512,Huron Buoy
45203,2024,05,18,15,00,0.1,MM,MM,MM,MM,MM,MM,,MM,32,45203,41.393,-82.512,Huron Buoy
45204,2024,05,18,15,50,0.2,MM,MM,MM,MM,MM,MM,,MM,34,45204,41.508,-82.115,Sheffield Buoy
45204,2024,05,18,15,40,0.3,MM,MM,MM,MM,MM,MM,,MM,38,45204,41.508,-82.115,Sheffield Buoy
45204,2024,05,18,15,30,0.2,MM,MM,MM,MM,MM,MM,,MM,38,45204,41.508,-82.115,Sheffield Buoy
45204,2024,05,18,15,20,0.3,MM,MM,MM,MM,MM,MM,,MM,19,45204,41.508,-82.115,Sheffield Buoy
45204,2024,05,18,15,10,0.3,MM,MM,MM,MM,MM,MM,,MM,29,45204,41.508,-82.115,Sheffield Buoy
45204,2024,05,18,15,00,0.3,MM,MM,MM,MM,MM,MM,,MM,15,45204,41.508,-82.115,Sheffield Buoy
45206,2024,05,18,15,50,0.2,MM,MM,MM,MM,MM,MM,,MM,37,45206,41.585,-81.583,Euclid Beach Buoy
45206,2024,05,18,15,40,0.2,MM,MM,MM,MM,MM,MM,,MM,36,45206,41.585,-81.583,Euclid Beach Buoy
45206,2024,05,18,15,30,0.1,MM,MM,MM,MM,MM,MM,,MM,30,45206,41.585,-81.583,Euclid Beach Buoy
45206,2024,05,18,15,20,0.2,MM,MM,MM,MM,MM,MM,,MM,35,45206,41.585,-81.583,Euclid Beach Buoy
45206,2024,05,18,15,10,0.2,MM,MM,MM,MM,MM,MM,,MM,11,45206,41.585,-81.583,Euclid Beach Buoy
45206,2024,05,18,15,00,0.2,MM,MM,MM,MM,MM,MM,,MM,36,45206,41.585,-81.583,Euclid Beach Buoy
45207,2024,05,18,15,50,0.2,MM,MM,MM,MM,MM,MM,,MM,50,45207,41.725,-81.37,Fairport Harbor Buoy
45207,2024,05,18,15,40,0.2,MM,MM,MM,MM,MM,MM,,MM,45,45207,41.725,-81.37,Fairport Harbor Buoy
45207,2024,05,18,15,30,0.2,MM,MM,MM,MM,MM,MM,,MM,45,45207,41.725,-81.37,Fairport Harbor Buoy
45207,2024,05,18,15,20,0.2,MM,MM,MM,MM,MM,MM,,MM,38,45207,41.725,-81.37,Fairport Harbor Buoy
45207,2024,05,18,15,10,0.2,MM,MM,MM,MM,MM,MM,,MM,35,45207,41.725,-81.37,Fairport Harbor Buoy
45208,2024,05,18,15,50,0.1,MM,MM,MM,MM,MM,MM,,MM,354,45208,41.908,-80.813,Ashtabula Buoy
45208,2024,05,18,15,40,0.2,MM,MM,MM,MM,MM,MM,,MM,356,45208,41.908,-80.813,Ashtabula Buoy
45208,2024,05,18,15,30,0.2,MM,MM,MM,MM,MM,MM,,MM,13,45208,41.908,-80.813,Ashtabula Buoy
45208,2024,05,18,15,20,0.2,MM,MM,MM,MM,MM,MM,,MM,356,45208,41.908,-80.813,Ashtabula Buoy
45208,2024,05,18,15,00,0.2,MM,MM,MM,MM,MM,MM,,MM,349,45208,41.908,-80.813,Ashtabula Buoy
45210,2024,05,18,15,26,0.1,0.0,25.0,0.1,2.7,SSW,SSE,,2.6,-99,45210,44.055,-87.05,"Rawley Point East, WI (269)"
45215,2024,05,18,15,56,0.2,0.0,22.2,0.2,2.0,SE,ESE,,2.0,-99,45215,43.501,-76.539,"Oswego, NY (274)"
45218,2024,05,18,15,00,0.1,MM,MM,MM,MM,MM,MM,,MM,194,45218,43.731,-87.624,"Wisconsin Shipwreck Coast NMS / Sheboygan, WI"
46001,2024,05,18,15,40,1.1,1.0,6.2,0.5,4.3,SW,WSW,STEEP,5.6,219,46001,56.296,-148.027,"WESTERN GULF OF ALASKA  - 175NM SE of Kodiak, AK"
46001,2024,05,18,15,10,1.2,1.0,6.7,0.6,4.5,WSW,W,STEEP,5.7,242,46001,56.296,-148.027,"WESTERN GULF OF ALASKA  - 175NM SE of Kodiak, AK"
46005,2024,05,18,15,40,1.7,1.3,7.7,1.1,6.2,N,NW,STEEP,5.7,350,46005,46.143,-131.09,"WEST WASHINGTON - 300NM West of Aberdeen, WA"
46005,2024,05,18,15,10,1.8,1.6,8.3,1.0,5.3,N,NNW,AVERAGE,6.3,353,46005,46.143,-131.09,"WEST WASHINGTON - 300NM West of Aberdeen, WA"
46006,2024,05,18,15,40,1.3,1.2,16.0,0.4,4.0,S,N,SWELL,6.6,181,46006,40.764,-137.377,"SOUTHEAST PAPA - 600NM West of Eureka, CA"
46006,2024,05,18,15,10,1.3,1.2,21.1,0.5,3.8,SSE,N,SWELL,6.2,168,46006,40.764,-137.377,"SOUTHEAST PAPA - 600NM West of Eureka, CA"
46011,2024,05,18,15,40,1.6,1.6,12.1,0.3,3.3,WNW,W,SWELL,7.6,298,46011,34.937,-120.999,"SANTA MARIA - 21NM NW of Point Arguello, CA"
46011,2024,05,18,15,10,1.8,1.8,12.1,0.3,3.7,WNW,W,SWELL,7.8,297,46011,34.937,-120.999,"SANTA MARIA - 21NM NW of Point Arguello, CA"
46013,2024,05,18,15,40,2.0,2.0,10.0,0.4,3.7,NW,WNW,AVERAGE,7.2,315,46013,38.235,-123.317,"BODEGA BAY - 48NM NW of San Francisco, CA"
46013,2024,05,18,15,10,2.0,2.0,10.0,0.4,4.0,NW,WNW,AVERAGE,7.2,319,46013,38.235,-123.317,"BODEGA BAY - 48NM NW of San Francisco, CA"
46014,2024,05,18,15,40,2.8,2.6,10.0,1.2,5.6,NW,NW,AVERAGE,6.8,324,46014,39.225,-123.98,"PT ARENA - 19NM North of Point Arena, CA"
46014,2024,05,18,15,10,3.2,2.7,10.0,1.7,6.7,NW,NW,AVERAGE,7.4,317,46014,39.225,-123.98,"PT ARENA - 19NM North of Point Arena, CA"
46022,2024,05,18,15,40,3.4,2.1,9.1,2.6,7.1,NNW,NNW,STEEP,6.7,338,46022,40.716,-124.54,"EEL RIVER - 17NM WSW of Eureka, CA"
46022,2024,05,18,15,10,3.5,2.4,9.1,2.6,7.7,NNW,NNW,STEEP,6.8,338,46022,40.716,-124.54,"EEL RIVER - 17NM WSW of Eureka, CA"
46025,2024,05,18,15,40,0.8,0.7,17.4,0.3,4.0,SSE,W,SWELL,6.0,163,46025,33.755,-119.045,"Santa Monica Basin - 33NM WSW of Santa Monica, CA"
46025,2024,05,18,15,10,0.8,0.7,16.0,0.4,3.8,S,W,SWELL,5.6,173,46025,33.755,-119.045,"Santa Monica Basin - 33NM WSW of Santa Monica, CA"
46026,2024,05,18,15,40,1.8,MM,MM,MM,MM,MM,MM,,7.1,302,46026,37.754,-122.839,"SAN FRANCISCO - 18NM West of San Francisco, CA"
46026,2024,05,18,15,10,1.7,MM,MM,MM,MM,MM,MM,AVERAGE,7.0,300,46026,37.754,-122.839,"SAN FRANCISCO - 18NM West of San Francisco, CA"
46027,2024,05,18,15,40,2.7,0.9,12.1,2.6,7.7,W,NW,STEEP,5.9,305,46027,41.84,-124.382,"ST GEORGES - 8 NM NW of Crescent City, CA"
46027,2024,05,18,15,10,2.7,1.1,17.4,2.4,7.7,E,WNW,STEEP,5.9,303,46027,41.84,-124.382,"ST GEORGES - 8 NM NW of Crescent City, CA"
46028,2024,05,18,15,40,1.7,1.7,11.4,0.3,3.8,WNW,WNW,SWELL,8.8,302,46028,35.77,-121.903,"CAPE SAN MARTIN - 55NM West NW of Morro Bay, CA"
46028,2024,05,18,15,10,1.7,1.7,10.8,0.3,3.7,NW,WNW,SWELL,8.5,308,46028,35.77,-121.903,"CAPE SAN MARTIN - 55NM West NW of Morro Bay, CA"
46041,2024,05,18,15,40,1.7,1.2,7.7,1.1,6.2,WNW,NW,AVERAGE,5.8,302,46041,47.352,-124.739,"CAPE ELIZABETH - 45NM NW of Aberdeen, WA"
46041,2024,05,18,15,10,1.6,1.5,7.1,0.7,4.8,NW,WNW,STEEP,5.9,309,46041,47.352,-124.739,"CAPE ELIZABETH - 45NM NW of Aberdeen, WA"
46047,2024,05,18,15,40,1.6,1.6,9.1,0.4,4.0,NW,NW,AVERAGE,7.4,309,46047,32.388,-119.525,"TANNER BANK - 121 NM West of San Diego, CA"
46047,2024,05,18,15,10,1.6,1.6,12.9,0.4,3.4,W,NW,SWELL,7.1,260,46047,32.388,-119.525,"TANNER BANK - 121 NM West of San Diego, CA"
46050,2024,05,18,15,40,2.0,1.8,8.3,0.9,4.2,NW,NW,AVERAGE,6.0,324,46050,44.669,-124.546,"STONEWALL BANK - 20NM West of Newport, OR"
46050,2024,05,18,15,10,2.1,1.8,7.1,1.1,4.8,NW,NW,STEEP,6.1,317,46050,44.669,-124.546,"STONEWALL BANK - 20NM West of Newport, OR"
46053,2024,05,18,15,40,0.7,0.7,9.1,0.2,3.4,W,W,,6.0,275,46053,34.241,-119.839,"EAST SANTA BARBARA  - 12NM Southwest of Santa Barbara, CA"
46053,2024,05,18,15,10,0.8,0.7,8.3,0.3,3.6,W,W,,5.8,276,46053,34.241,-119.839,"EAST SANTA BARBARA  - 12NM Southwest of Santa Barbara, CA"
46054,2024,05,18,15,40,1.7,1.6,10.0,0.3,3.6,NW,W,SWELL,7.9,317,46054,34.274,-120.468,"WEST SANTA BARBARA  38 NM West of Santa Barbara, CA"
46054,2024,05,18,15,10,1.5,1.5,10.0,0.3,3.8,NW,W,SWELL,7.6,325,46054,34.274,-120.468,"WEST SANTA BARBARA  38 NM West of Santa Barbara, CA"
46059,2024,05,18,15,40,2.9,1.7,10.8,2.4,8.3,N,NNE,STEEP,6.6,30,46059,38.069,-129.976,"WEST CALIFORNIA - 357NM West of San Francisco, CA"
46060,2024,05,18,15,00,0.4,0.3,7.7,0.2,2.9,S,SW,,4.5,169,46060,60.571,-146.795,"WEST ORCA BAY - 8NM NW of Hinchinbrook Is., AK"
46061,2024,05,18,15,40,0.6,0.5,7.1,0.2,3.7,N,N,,5.1,350,46061,60.23,-146.837,"Seal Rocks - Between Montague and Hinchinbrook Islands, AK"
46061,2024,05,18,15,10,0.4,0.3,6.2,0.2,4.0,NNE,SSE,,4.3,16,46061,60.23,-146.837,"Seal Rocks - Between Montague and Hinchinbrook Islands, AK"
46066,2024,05,18,15,40,2.2,0.8,10.0,2.1,6.2,W,SSW,VERY_STEEP,5.3,198,46066,52.765,-155.009,"SOUTH KODIAK - 310NM SSW of Kodiak, AK"
46066,2024,05,18,15,10,2.2,0.7,12.1,2.0,6.2,SW,SSW,VERY_STEEP,5.3,195,46066,52.765,-155.009,"SOUTH KODIAK - 310NM SSW of Kodiak, AK"
46069,2024,05,18,15,40,1.8,1.7,10.0,0.5,4.8,NW,WNW,SWELL,8.0,310,46069,33.677,-120.213,"SOUTH SANTA ROSA - 14 NM SW of Santa Rosa Island, CA"
46069,2024,05,18,15,10,1.6,1.5,10.0,0.3,3.6,NW,W,SWELL,7.5,311,46069,33.677,-120.213,"SOUTH SANTA ROSA - 14 NM SW of Santa Rosa Island, CA"
46070,2024,05,18,15,40,1.1,0.8,6.7,0.7,4.0,NNW,NNW,STEEP,5.1,336,46070,55.05,175.261,"SOUTHWEST BERING SEA - 142NM NNE OF ATTU IS, AK"
46070,2024,05,18,15,10,1.1,0.8,7.1,0.7,5.0,NW,NW,AVERAGE,5.4,307,46070,55.05,175.261,"SOUTHWEST BERING SEA - 142NM NNE OF ATTU IS, AK"
46072,2024,05,18,15,40,1.5,1.2,5.6,0.9,5.0,NW,NW,VERY_STEEP,5.3,305,46072,51.666,-172.114,CENTRAL ALEUTIANS 230 NM SW Dutch Harbor
46072,2024,05,18,15,10,1.6,1.2,6.2,1.0,5.3,NW,WNW,STEEP,5.4,315,46072,51.666,-172.114,CENTRAL ALEUTIANS 230 NM SW Dutch Harbor
46075,2024,05,18,15,40,2.0,0.0,MM,2.0,6.7,MM,SSW,STEEP,5.7,194,46075,53.969,-160.794,"SHUMAGIN ISLANDS - 85NM South of Sand Point, AK"
46075,2024,05,18,15,10,1.9,0.7,10.0,1.8,6.7,WSW,S,STEEP,5.7,181,46075,53.969,-160.794,"SHUMAGIN ISLANDS - 85NM South of Sand Point, AK"
46076,2024,05,18,15,40,1.0,1.0,7.7,0.3,3.8,SSW,SSE,AVERAGE,6.1,193,46076,59.508,-148.005,"CAPE CLEARE - 17 NM South of Montague Is,  AK"
46076,2024,05,18,15,10,1.0,1.0,7.7,0.3,4.0,S,SSE,AVERAGE,6.1,186,46076,59.508,-148.005,"CAPE CLEARE - 17 NM South of Montague Is,  AK"
46077,2024,05,18,15,00,0.4,0.2,6.2,0.3,4.2,SW,WSW,,3.8,237,46077,57.869,-154.211,"SHELIKOF STRAIT, AK"
46078,2024,05,18,15,40,1.7,MM,MM,MM,MM,MM,MM,VERY_STEEP,4.9,197,46078,55.561,-152.599,"ALBATROSS BANK - 104NM South of Kodiak Is., AK"
46078,2024,05,18,15,10,1.5,MM,MM,MM,MM,MM,MM,VERY_STEEP,4.8,186,46078,55.561,-152.599,"ALBATROSS BANK - 104NM South of Kodiak Is., AK"
46080,2024,05,18,15,40,1.0,0.8,6.7,0.7,3.6,SSW,S,AVERAGE,5.1,210,46080,57.916,-150.133,"PORTLOCK BANK - 76 NM ENE of Kodiak, AK"
46080,2024,05,18,15,10,1.0,0.8,7.7,0.6,5.6,SSW,SSW,AVERAGE,4.9,210,46080,57.916,-150.133,"PORTLOCK BANK - 76 NM ENE of Kodiak, AK"
46081,2024,05,18,15,00,0.0,MM,MM,MM,MM,MM,MM,,3.0,-99,46081,60.802,-148.283,Western Prince William Sound
46082,2024,05,18,15,40,0.9,0.8,7.1,0.3,3.0,SW,WSW,AVERAGE,5.7,229,46082,59.67,-143.353,"Cape Suckling - 35 NM SE of Kayak Is, AK"
46082,2024,05,18,15,10,0.9,0.8,8.3,0.3,2.9,SW,W,SWELL,5.5,223,46082,59.67,-143.353,"Cape Suckling - 35 NM SE of Kayak Is, AK"
46083,2024,05,18,15,00,1.2,1.0,6.2,0.6,5.6,SW,SSW,STEEP,5.4,219,46083,58.27,-138.019,"FAIRWEATHER GROUND - 105 NM West  of Juneau, AK"
46084,2024,05,18,15,40,1.2,1.1,7.1,0.3,3.8,W,W,AVERAGE,6.5,263,46084,56.614,-136.04,"CAPE EDGECUMBE - 25NM SSW of Cape Edgecumbe, AK"
46084,2024,05,18,15,10,1.1,1.1,7.7,0.3,4.2,W,W,AVERAGE,6.5,273,46084,56.614,-136.04,"CAPE EDGECUMBE - 25NM SSW of Cape Edgecumbe, AK"
46086,2024,05,18,15,40,1.0,1.0,19.0,0.3,3.8,WSW,W,SWELL,7.0,258,46086,32.499,-118.052,"SAN CLEMENTE BASIN - 27NM SE Of San Clemente Is, CA"
46086,2024,05,18,15,10,1.1,1.0,19.0,0.3,3.2,S,W,SWELL,7.0,191,46086,32.499,-118.052,"SAN CLEMENTE BASIN - 27NM SE Of San Clemente Is, CA"
46088,2024,05,18,15,40,0.8,MM,MM,MM,MM,MM,MM,,4.0,261,46088,48.332,-123.179,"NEW DUNGENESS - 17 NM NE of Port Angeles, WA"
46088,2024,05,18,15,10,0.8,MM,MM,MM,MM,MM,MM,,4.1,260,46088,48.332,-123.179,"NEW DUNGENESS - 17 NM NE of Port Angeles, WA"
46097,2024,05,18,15,10,1.8,MM,MM,MM,MM,MM,MM,AVERAGE,MM,322,46097,44.639,-124.304,OOI Newport Shelf
46098,2024,05,18,15,10,1.9,MM,MM,MM,MM,MM,MM,AVERAGE,MM,329,46098,44.378,-124.947,OOI Waldport Offshore
46099,2024,05,18,15,10,1.5,MM,MM,MM,MM,MM,MM,AVERAGE,MM,302,46099,46.988,-124.567,OOI Westport Shelf
46100,2024,05,18,15,10,1.6,MM,MM,MM,MM,MM,MM,AVERAGE,MM,304,46100,46.851,-124.964,OOI Westport Offshore
46108,2024,05,18,15,30,0.3,0.0,10.0,0.3,4.3,SSE,SW,,2.5,231,46108,59.598,-151.828,Lower Cook Inlet (204)
46108,2024,05,18,15,00,0.3,0.0,10.0,0.3,3.6,S,WSW,,2.4,242,46108,59.598,-151.828,Lower Cook Inlet (204)
46211,2024,05,18,15,56,1.3,0.5,22.2,1.2,8.3,WSW,WNW,AVERAGE,6.1,301,46211,46.857,-124.244,"Grays Harbor, WA (036)"
46211,2024,05,18,15,26,1.4,0.5,10.5,1.3,8.3,W,WNW,AVERAGE,6.1,300,46211,46.857,-124.244,"Grays Harbor, WA (036)"
46213,2024,05,18,15,56,3.8,1.4,10.5,3.6,9.9,NW,NNW,AVERAGE,7.5,346,46213,40.295,-124.732,"Cape Mendocino, CA (094)"
46213,2024,05,18,15,26,3.8,1.7,10.5,3.5,9.9,NNW,NNW,AVERAGE,7.7,333,46213,40.295,-124.732,"Cape Mendocino, CA (094)"
46214,2024,05,18,15,56,2.8,1.5,10.5,2.5,9.9,NNW,NW,AVERAGE,8.1,324,46214,37.937,-123.463,"Point Reyes, CA (029)"
46214,2024,05,18,15,26,2.9,1.4,11.1,2.6,9.9,NW,NNW,AVERAGE,8.1,334,46214,37.937,-123.463,"Point Reyes, CA (029)"
46215,2024,05,18,15,56,1.2,0.8,20.0,1.0,9.9,SW,WNW,AVERAGE,8.5,224,46215,35.204,-120.859,"Diablo Canyon, CA (076)"
46215,2024,05,18,15,26,1.2,0.8,20.0,0.9,9.1,SW,WNW,AVERAGE,8.7,222,46215,35.204,-120.859,"Diablo Canyon, CA (076)"
46218,2024,05,18,15,56,1.7,1.2,11.8,1.2,9.1,WNW,NW,SWELL,8.5,296,46218,34.452,-120.78,"Harvest, CA (071)"
46218,2024,05,18,15,26,1.7,1.1,11.8,1.4,9.9,WNW,NW,AVERAGE,8.6,323,46218,34.452,-120.78,"Harvest, CA (071)"
46219,2024,05,18,15,56,1.6,1.0,12.5,1.3,9.9,W,NW,AVERAGE,8.0,309,46219,33.226,-119.891,"San Nicolas Island, CA (067)"
46219,2024,05,18,15,26,1.5,1.0,20.0,1.2,9.1,SW,NW,AVERAGE,7.6,309,46219,33.226,-119.891,"San Nicolas Island, CA (067)"
46221,2024,05,18,15,56,0.8,0.6,18.2,0.5,9.9,SW,WSW,SWELL,7.6,224,46221,33.86,-118.641,"Santa Monica Bay, CA (028)"
46221,2024,05,18,15,26,0.8,0.6,16.7,0.5,4.8,WSW,W,,7.2,238,46221,33.86,-118.641,"Santa Monica Bay, CA (028)"
46222,2024,05,18,15,56,0.6,0.3,13.3,0.5,9.9,WSW,W,,5.9,237,46222,33.618,-118.317,"San Pedro, CA (092)"
46222,2024,05,18,15,26,0.6,0.3,12.5,0.5,4.8,WSW,W,,5.6,254,46222,33.618,-118.317,"San Pedro, CA (092)"
46224,2024,05,18,15,56,0.8,0.6,20.0,0.5,9.1,SW,W,,8.9,216,46224,33.178,-117.472,"Oceanside Offshore, CA (045)"
46224,2024,05,18,15,26,0.8,0.6,20.0,0.5,9.1,SW,W,,8.4,219,46224,33.178,-117.472,"Oceanside Offshore, CA (045)"
46225,2024,05,18,15,56,1.0,0.8,20.0,0.6,9.9,SW,W,SWELL,9.2,214,46225,32.933,-117.391,"Torrey Pines Outer, CA (100)"
46225,2024,05,18,15,26,1.0,0.9,16.7,0.6,9.9,SW,W,SWELL,9.7,216,46225,32.933,-117.391,"Torrey Pines Outer, CA (100)"
46229,2024,05,18,15,56,1.8,0.8,11.8,1.7,8.3,WNW,NNW,AVERAGE,6.8,327,46229,43.772,-124.549,"UMPQUA OFFSHORE, OR (139)"
46229,2024,05,18,15,26,1.7,0.8,11.1,1.5,8.3,WNW,NW,AVERAGE,6.6,324,46229,43.772,-124.549,"UMPQUA OFFSHORE, OR (139)"
46232,2024,05,18,15,56,0.9,0.8,20.0,0.6,9.9,SW,WSW,SWELL,8.6,216,46232,32.517,-117.425,"Point Loma South, CA  (191)"
46232,2024,05,18,15,26,0.9,0.7,20.0,0.6,5.3,SSW,W,SWELL,7.4,211,46232,32.517,-117.425,"Point Loma South, CA  (191)"
46235,2024,05,18,15,56,0.8,0.5,16.7,0.5,5.3,WSW,W,,7.2,246,46235,32.57,-117.169,"Imperial Beach Nearshore, CA (155)"
46235,2024,05,18,15,26,0.8,0.6,20.0,0.5,5.3,WSW,W,,7.1,244,46235,32.57,-117.169,"Imperial Beach Nearshore, CA (155)"
46237,2024,05,18,15,30,1.4,0.9,11.8,1.1,9.5,W,WNW,AVERAGE,6.0,291,46237,37.788,-122.634,"San Francisco Bar, CA  (142)"
46237,2024,05,18,15,00,1.4,0.9,20.0,1.1,9.5,WSW,WNW,AVERAGE,6.4,282,46237,37.788,-122.634,"San Francisco Bar, CA  (142)"
46239,2024,05,18,15,30,2.1,1.3,10.0,1.7,9.1,NW,NW,AVERAGE,8.2,318,46239,36.335,-122.104,"Point Sur, CA (157)"
46239,2024,05,18,15,00,2.3,1.6,10.5,1.6,9.5,NW,NW,SWELL,8.6,317,46239,36.335,-122.104,"Point Sur, CA (157)"
46240,2024,05,18,15,56,0.8,0.7,11.8,0.5,9.9,N,NNW,SWELL,9.3,351,46240,36.626,-121.907,"Cabrillo Point, Monterey Bay, CA  (158)"
46240,2024,05,18,15,26,0.8,0.7,11.1,0.5,9.9,N,NNW,SWELL,9.5,349,46240,36.626,-121.907,"Cabrillo Point, Monterey Bay, CA  (158)"
46243,2024,05,18,15,56,1.5,0.7,11.8,1.3,7.1,W,WNW,AVERAGE,6.3,263,46243,46.214,-124.126,"Clatsop Spit, OR (162)"
46243,2024,05,18,15,26,1.6,0.7,11.1,1.4,8.3,W,WNW,AVERAGE,6.6,264,46243,46.214,-124.126,"Clatsop Spit, OR (162)"
46244,2024,05,18,15,30,3.6,1.4,10.0,3.3,8.7,NNW,NNW,STEEP,7.7,335,46244,40.896,-124.357,"Humboldt Bay, North Spit, CA (168)"
46244,2024,05,18,15,00,3.5,1.2,10.0,3.2,9.1,NW,NNW,STEEP,7.3,330,46244,40.896,-124.357,"Humboldt Bay, North Spit, CA (168)"
46248,2024,05,18,15,56,1.7,0.7,10.5,1.6,9.1,WNW,NW,AVERAGE,6.1,309,46248,46.133,-124.64,"Astoria Canyon, OR  (179)"
46248,2024,05,18,15,26,1.7,0.8,10.5,1.6,9.1,WNW,NW,AVERAGE,6.3,291,46248,46.133,-124.64,"Astoria Canyon, OR  (179)"
46251,2024,05,18,15,56,0.9,0.7,20.0,0.5,9.1,SSW,W,SWELL,8.5,205,46251,33.769,-119.565,"Santa Cruz Basin, CA (203)"
46251,2024,05,18,15,26,0.8,0.7,20.0,0.5,9.1,SSW,W,SWELL,8.2,212,46251,33.769,-119.565,"Santa Cruz Basin, CA (203)"
46253,2024,05,18,15,56,0.6,0.4,16.7,0.4,5.6,SW,W,,6.8,226,46253,33.576,-118.181,"San Pedro South, CA (213)"
46253,2024,05,18,15,26,0.6,0.4,16.7,0.5,5.0,SSW,W,,6.6,196,46253,33.576,-118.181,"San Pedro South, CA (213)"
46254,2024,05,18,15,56,0.6,0.3,12.5,0.5,5.9,WNW,W,,5.7,291,46254,32.868,-117.267,"SCRIPPS Nearshore, CA (201)"
46254,2024,05,18,15,26,0.6,0.3,16.7,0.5,5.3,WNW,W,,5.5,295,46254,32.868,-117.267,"SCRIPPS Nearshore, CA (201)"
46256,2024,05,18,15,56,0.6,0.5,13.3,0.4,5.3,SSW,WSW,,6.8,204,46256,33.7,-118.201,"Long Beach Channel, CA (215)"
46256,2024,05,18,15,26,0.6,0.4,20.0,0.4,5.3,S,WSW,,6.8,187,46256,33.7,-118.201,"Long Beach Channel, CA (215)"
46258,2024,05,18,15,56,0.9,0.8,20.0,0.5,9.9,SSW,W,SWELL,9.5,204,46258,32.749,-117.502,"Mission Bay West, CA (220)"
46258,2024,05,18,15,26,0.9,0.7,20.0,0.5,9.9,SSW,W,SWELL,8.5,206,46258,32.749,-117.502,"Mission Bay West, CA (220)"
46259,2024,05,18,15,56,1.9,1.1,16.7,1.5,9.1,SSW,NW,AVERAGE,8.5,326,46259,34.767,-121.498,"Santa Lucia Escarpment, CA (222)"
46259,2024,05,18,15,26,1.8,1.1,12.5,1.4,9.1,WNW,NNW,AVERAGE,8.5,283,46259,34.767,-121.498,"Santa Lucia Escarpment, CA (222)"
46266,2024,05,18,15,56,1.0,0.8,20.0,0.5,9.9,WSW,W,SWELL,9.9,243,46266,32.957,-117.279,"Del Mar Nearshore, CA (153)"
46266,2024,05,18,15,26,1.1,0.9,20.0,0.5,9.1,WSW,W,SWELL,10.8,243,46266,32.957,-117.279,"Del Mar Nearshore, CA (153)"
46267,2024,05,18,15,30,0.6,0.1,11.1,0.6,7.7,WNW,W,,4.2,275,46267,48.173,-123.607,"Angeles Point, WA (248)"
46267,2024,05,18,15,00,0.6,0.1,11.1,0.6,8.0,WNW,W,,4.9,281,46267,48.173,-123.607,"Angeles Point, WA (248)"
46268,2024,05,18,15,30,0.7,0.5,16.7,0.4,4.7,SSW,WSW,,7.5,210,46268,34.022,-118.578,"Topanga Nearshore, CA (103)"
46273,2024,05,18,15,56,0.8,0.6,20.0,0.5,9.9,WSW,W,SWELL,7.8,239,46273,32.93,-117.274,"Torrey Pines Inner, CA (101)"
46273,2024,05,18,15,26,0.8,0.7,20.0,0.6,9.9,WSW,W,SWELL,8.0,237,46273,32.93,-117.274,"Torrey Pines Inner, CA (101)"
46274,2024,05,18,15,56,0.9,0.8,20.0,0.5,5.6,SW,W,SWELL,9.6,233,46274,33.062,-117.314,"Leucadia Nearshore, CA (262)"
46274,2024,05,18,15,26,0.8,0.7,20.0,0.5,9.9,SW,WSW,SWELL,9.1,230,46274,33.062,-117.314,"Leucadia Nearshore, CA (262)"
46275,2024,05,18,15,30,0.8,0.7,20.0,0.4,5.3,SW,WSW,,9.2,222,46275,33.29,-117.5,"Red Beach Nearshore, CA (264)"
46275,2024,05,18,15,00,0.8,0.7,20.0,0.4,5.6,SW,WSW,SWELL,9.6,220,46275,33.29,-117.5,"Red Beach Nearshore, CA (264)"
46276,2024,05,18,15,56,0.8,0.4,10.5,0.7,9.1,W,W,AVERAGE,6.2,262,46276,36.845,-121.825,"Pajaro Beach, CA (266)"
46276,2024,05,18,15,26,0.8,0.5,10.5,0.7,9.9,W,W,AVERAGE,6.3,259,46276,36.845,-121.825,"Pajaro Beach, CA (266)"
46277,2024,05,18,15,56,0.8,0.7,20.0,0.4,4.8,SW,WSW,,8.9,214,46277,33.336,-117.659,"Green Beach Offshore, CA (271)"
46277,2024,05,18,15,26,0.8,0.7,16.7,0.4,9.9,SSW,W,SWELL,9.7,197,46277,33.336,-117.659,"Green Beach Offshore, CA (271)"
46278,2024,05,18,15,30,1.4,0.6,11.1,1.3,9.1,W,NW,AVERAGE,6.6,311,46278,45.561,-123.991,"Tillamook Bay South Jetty, OR (270)"
46278,2024,05,18,15,00,1.6,0.7,10.5,1.4,9.1,WNW,NW,AVERAGE,6.8,314,46278,45.561,-123.991,"Tillamook Bay South Jetty, OR (270)"
46279,2024,05,18,15,56,0.7,0.3,11.1,0.7,9.1,WSW,W,,5.9,263,46279,36.838,-121.82,"Pajaro Beach South, CA (267)"
46279,2024,05,18,15,26,0.8,0.4,11.8,0.7,9.9,WSW,WSW,AVERAGE,6.4,256,46279,36.838,-121.82,"Pajaro Beach South, CA (267)"
46280,2024,05,18,15,56,1.9,0.7,11.1,1.8,8.3,WNW,NNW,AVERAGE,7.1,333,46280,44.575,-124.234,Newport PWS North (277)
46280,2024,05,18,15,26,1.9,0.7,11.8,1.8,8.3,WNW,NW,AVERAGE,7.1,326,46280,44.575,-124.234,Newport PWS North (277)
46281,2024,05,18,15,56,1.8,0.7,11.1,1.7,8.3,WNW,NW,AVERAGE,7.0,326,46281,44.559,-124.233,"Newport PWS South, OR (278)"
46281,2024,05,18,15,26,1.9,0.7,11.1,1.7,8.3,WNW,NNW,AVERAGE,6.9,330,46281,44.559,-124.233,"Newport PWS South, OR (278)"
51000,2024,05,18,15,40,2.0,MM,MM,MM,MM,MM,MM,STEEP,6.2,120,51000,23.528,-153.792,NORTHERN HAWAII ONE - 245NM NE of Honolulu HI
51000,2024,05,18,15,10,2.0,MM,MM,MM,MM,MM,MM,STEEP,6.2,101,51000,23.528,-153.792,NORTHERN HAWAII ONE - 245NM NE of Honolulu HI
51001,2024,05,18,15,40,2.1,2.1,9.1,0.4,3.8,N,S,AVERAGE,7.3,4,51001,24.451,-162.008,"NORTHWESTERN HAWAII ONE - 188 NM NW of Kauai Island, HI"
51001,2024,05,18,15,10,2.1,2.1,10.0,0.4,3.8,NNW,S,AVERAGE,7.3,335,51001,24.451,-162.008,"NORTHWESTERN HAWAII ONE - 188 NM NW of Kauai Island, HI"
51003,2024,05,18,15,40,2.3,1.7,12.9,1.6,5.9,SSW,SE,SWELL,6.9,198,51003,19.196,-160.639,"WESTERN  HAWAII - 205 NM SW of Honolulu, HI"
51003,2024,05,18,15,10,2.4,1.7,12.1,1.6,5.6,NW,SE,SWELL,6.8,323,51003,19.196,-160.639,"WESTERN  HAWAII - 205 NM SW of Honolulu, HI"
51004,2024,05,18,15,40,2.3,1.6,8.3,1.7,5.9,ESE,E,STEEP,6.4,105,51004,17.538,-152.23,"SOUTHEAST HAWAII - 205 NM Southeast of Hilo, HI"
51004,2024,05,18,15,10,2.4,1.6,14.8,1.8,7.1,S,E,STEEP,6.5,100,51004,17.538,-152.23,"SOUTHEAST HAWAII - 205 NM Southeast of Hilo, HI"
51101,2024,05,18,15,40,1.9,1.9,8.3,0.4,4.0,ENE,SSE,AVERAGE,7.1,67,51101,24.359,-162.081,"NORTHWESTERN HAWAII TWO - 186 NM NW of Kauai Is., HI   "
51101,2024,05,18,15,10,1.9,1.9,7.7,0.5,4.2,E,S,STEEP,7.0,93,51101,24.359,-162.081,"NORTHWESTERN HAWAII TWO - 186 NM NW of Kauai Is., HI   "
51201,2024,05,18,15,46,1.3,0.7,10.5,1.1,9.9,NW,NW,AVERAGE,7.2,325,51201,21.671,-158.118,"Waimea Bay, HI (106)"
51201,2024,05,18,15,16,1.3,0.6,11.8,1.2,7.7,NW,NE,AVERAGE,7.0,34,51201,21.671,-158.118,"Waimea Bay, HI (106)"
51202,2024,05,18,15,56,1.7,0.6,10.5,1.6,7.7,N,ENE,STEEP,6.4,75,51202,21.417,-157.68,"Mokapu Point, HI (098)"
51202,2024,05,18,15,26,1.7,0.5,14.3,1.6,7.7,SE,ENE,AVERAGE,6.5,72,51202,21.417,-157.68,"Mokapu Point, HI (098)"
51205,2024,05,18,15,56,1.9,0.5,12.5,1.9,7.1,NNW,ENE,STEEP,5.7,78,51205,21.018,-156.425,"Pauwela, Maui, HI (187)"
51205,2024,05,18,15,26,2.1,0.6,11.8,2.0,7.1,NNW,E,STEEP,5.8,82,51205,21.018,-156.425,"Pauwela, Maui, HI (187)"
51207,2024,05,18,15,56,1.5,0.4,10.5,1.4,7.7,N,ENE,AVERAGE,6.1,75,51207,21.477,-157.752,"Kaneohe Bay, HI (198)"
51207,2024,05,18,15,26,1.5,0.4,10.5,1.5,7.7,NNW,ENE,AVERAGE,6.2,73,51207,21.477,-157.752,"Kaneohe Bay, HI (198)"
51208,2024,05,18,15,56,1.4,0.7,10.5,1.2,7.7,NW,ENE,AVERAGE,7.1,325,51208,22.285,-159.574,"Hanalei, Kauai, HI (202)"
51208,2024,05,18,15,26,1.4,0.7,10.5,1.3,9.9,NW,NNW,AVERAGE,7.2,330,51208,22.285,-159.574,"Hanalei, Kauai, HI (202)"
51210,2024,05,18,15,56,1.5,0.3,10.5,1.5,7.7,N,ENE,AVERAGE,6.1,70,51210,21.477,-157.757,"Kaneohe Bay, WETS, HI (225)"
51210,2024,05,18,15,26,1.6,0.4,10.5,1.5,7.1,N,ENE,STEEP,6.3,70,51210,21.477,-157.757,"Kaneohe Bay, WETS, HI (225)"
51211,2024,05,18,15,30,1.1,0.8,15.4,0.8,6.1,SSE,SSE,SWELL,7.2,161,51211,21.297,-157.959,"Pearl Harbor Entrance, HI (233)"
51211,2024,05,18,15,00,1.2,0.8,14.3,0.9,5.9,SSE,SSE,AVERAGE,6.8,164,51211,21.297,-157.959,"Pearl Harbor Entrance, HI (233)"
51212,2024,05,18,15,30,1.6,1.1,16.7,1.1,6.2,S,S,SWELL,7.9,188,51212,21.323,-158.149,"Barbers Point, Kalaeloa, HI (238)"
51212,2024,05,18,15,00,1.6,1.2,12.5,1.1,9.5,WSW,WNW,SWELL,8.2,239,51212,21.323,-158.149,"Barbers Point, Kalaeloa, HI (238)"
51213,2024,05,18,15,56,1.5,1.2,14.3,0.9,9.9,SSW,WSW,SWELL,8.7,196,51213,20.75,-157.002,"Kaumalapau Southwest, Lanai, HI (239)"
51213,2024,05,18,15,26,1.6,1.2,14.3,1.0,9.9,SSW,W,SWELL,8.4,196,51213,20.75,-157.002,"Kaumalapau Southwest, Lanai, HI (239)"
52201,2024,05,18,15,30,2.4,1.9,11.1,1.5,8.7,NNE,NE,SWELL,8.8,31,52201,7.079,171.384,"Kalo, Majuro, Marshall Islands (163)"
52201,2024,05,18,15,00,2.6,2.0,11.8,1.6,9.5,NNE,NNE,SWELL,8.9,30,52201,7.079,171.384,"Kalo, Majuro, Marshall Islands (163)"
52212,2024,05,18,15,30,1.4,0.4,10.0,1.3,9.1,ENE,ENE,AVERAGE,5.5,66,52212,7.63,134.671,"Ngaraard, Babeldaob, Palau (219)"
52212,2024,05,18,15,00,1.5,0.5,10.0,1.4,8.7,ENE,ENE,AVERAGE,5.9,65,52212,7.63,134.671,"Ngaraard, Babeldaob, Palau (219)"
52214,2024,05,18,15,30,1.6,0.5,10.0,1.5,7.7,NE,NE,AVERAGE,5.6,51,52214,9.677,138.178,"Rumung, Yap, Micronesia (272)"
52214,2024,05,18,15,00,1.6,0.5,10.0,1.5,7.1,NE,NE,STEEP,5.2,50,52214,9.677,138.178,"Rumung, Yap, Micronesia (272)"
LJPC1,2024,05,18,15,20,0.6,0.5,6.7,0.2,2.4,,,,5.8,-99,,,,
SSBN7,2024,05,18,15,45,0.5,MM,MM,MM,MM,MM,MM,,4.1,146,,,,
