#YY,MM,DD,hh,mm,WVHT,SwH,SwP,WWH,WWP,SwD,WWD,STEEPNESS,APD,MWD
2024,05,18,17,40,0.5,MM,MM,MM,MM,MM,MM,,MM,87
2024,05,18,17,30,0.5,MM,MM,MM,MM,MM,MM,,MM,84
2024,05,18,17,20,0.6,MM,MM,MM,MM,MM,MM,,MM,83
2024,05,18,17,10,0.6,MM,MM,MM,MM,MM,MM,,MM,86
2024,05,18,17,00,0.6,MM,MM,MM,MM,MM,MM,,MM,86
2024,05,18,16,50,0.6,MM,MM,MM,MM,MM,MM,,MM,86
2024,05,18,16,40,0.6,MM,MM,MM,MM,MM,MM,,MM,84
2024,05,18,16,30,0.6,MM,MM,MM,MM,MM,MM,,MM,88
2024,05,18,16,20,0.6,MM,MM,MM,MM,MM,MM,,MM,93
2024,05,18,16,10,0.6,MM,MM,MM,MM,MM,MM,,MM,97
2024,05,18,16,00,0.6,MM,MM,MM,MM,MM,MM,,MM,98
2024,05,18,15,50,0.6,MM,MM,MM,MM,MM,MM,,MM,96
2024,05,18,15,40,0.6,MM,MM,MM,MM,MM,MM,,MM,90
2024,05,18,15,30,0.6,MM,MM,MM,MM,MM,MM,,MM,82
2024,05,18,15,20,0.6,MM,MM,MM,MM,MM,MM,,MM,77
2024,05,18,15,10,0.6,MM,MM,MM,MM,MM,MM,,MM,77
2024,05,18,15,00,0.7,MM,MM,MM,MM,MM,MM,,MM,76
2024,05,18,14,50,0.6,MM,MM,MM,MM,MM,MM,,MM,75
2024,05,18,14,40,0.6,MM,MM,MM,MM,MM,MM,,MM,74
2024,05,18,14,30,0.7,MM,MM,MM,MM,MM,MM,,MM,69
2024,05,18,14,20,0.6,MM,MM,MM,MM,MM,MM,,MM,74
2024,05,18,14,10,0.7,MM,MM,MM,MM,MM,MM,,MM,91
2024,05,18,14,00,0.7,MM,MM,MM,MM,MM,MM,,MM,96
2024,05,18,13,50,0.6,MM,MM,MM,MM,MM,MM,,MM,94
2024,05,18,13,40,0.7,MM,MM,MM,MM,MM,MM,,MM,92
2024,05,18,13,30,0.7,MM,MM,MM,MM,MM,MM,,MM,89
2024,05,18,13,20,0.7,MM,MM,MM,MM,MM,MM,,MM,86
2024,05,18,13,10,0.7,MM,MM,MM,MM,MM,MM,,MM,80
2024,05,18,13,00,0.7,MM,MM,MM,MM,MM,MM,,MM,77
2024,05,18,12,50,0.7,MM,MM,MM,MM,MM,MM,,MM,77
2024,05,18,12,40,0.7,MM,MM,MM,MM,MM,MM,,MM,80
2024,05,18,12,30,0.7,MM,MM,MM,MM,MM,MM,,MM,82
2024,05,18,12,20,0.7,MM,MM,MM,MM,MM,MM,,MM,86
2024,05,18,12,10,0.7,MM,MM,MM,MM,MM,MM,,MM,87
2024,05,18,12,00,0.7,MM,MM,MM,MM,MM,MM,,MM,89
2024,05,18,11,50,0.7,MM,MM,MM,MM,MM,MM,,MM,95
2024,05,18,11,40,0.7,MM,MM,MM,MM,MM,MM,,MM,97
2024,05,18,11,30,0.8,MM,MM,MM,MM,MM,MM,VERY_STEEP,MM,96
2024,05,18,11,20,0.7,MM,MM,MM,MM,MM,MM,,MM,95
2024,05,18,11,10,0.6,MM,MM,MM,MM,MM,MM,,MM,93
2024,05,18,11,00,0.7,MM,MM,MM,MM,MM,MM,,MM,92
2024,05,18,10,50,0.7,MM,MM,MM,MM,MM,MM,,MM,91
2024,05,18,10,40,0.7,MM,MM,MM,MM,MM,MM,,MM,90
2024,05,18,10,30,0.7,MM,MM,MM,MM,MM,MM,,MM,84
2024,05,18,10,20,0.7,MM,MM,MM,MM,MM,MM,,MM,80
2024,05,18,10,10,0.7,MM,MM,MM,MM,MM,MM,,MM,78
2024,05,18,10,00,0.7,MM,MM,MM,MM,MM,MM,,MM,80
2024,05,18,09,50,0.6,MM,MM,MM,MM,MM,MM,,MM,82
2024,05,18,09,40,0.7,MM,MM,MM,MM,MM,MM,,MM,80
2024,05,18,09,30,0.7,MM,MM,MM,MM,MM,MM,,MM,81
2024,05,18,09,20,0.6,MM,MM,MM,MM,MM,MM,,MM,85
2024,05,18,09,10,0.7,MM,MM,MM,MM,MM,MM,,MM,88
2024,05,18,09,00,0.7,MM,MM,MM,MM,MM,MM,,MM,94
2024,05,18,08,50,0.7,MM,MM,MM,MM,MM,MM,,MM,101
2024,05,18,08,40,0.6,MM,MM,MM,MM,MM,MM,,MM,98
2024,05,18,08,30,0.6,MM,MM,MM,MM,MM,MM,,MM,97
2024,05,18,08,20,0.6,MM,MM,MM,MM,MM,MM,,MM,93
2024,05,18,08,10,0.6,MM,MM,MM,MM,MM,MM,,MM,88
2024,05,18,08,00,0.5,MM,MM,MM,MM,MM,MM,,MM,85
2024,05,18,07,50,0.6,MM,MM,MM,MM,MM,MM,,MM,82
2024,05,18,07,40,0.6,MM,MM,MM,MM,MM,MM,,MM,79
2024,05,18,07,30,0.6,MM,MM,MM,MM,MM,MM,,MM,77
2024,05,18,07,20,0.6,MM,MM,MM,MM,MM,MM,,MM,80
2024,05,18,07,10,0.6,MM,MM,MM,MM,MM,MM,,MM,84
2024,05,18,07,00,0.6,MM,MM,MM,MM,MM,MM,,MM,88
2024,05,18,06,50,0.6,MM,MM,MM,MM,MM,MM,,MM,93
2024,05,18,06,40,0.5,MM,MM,MM,MM,MM,MM,,MM,96
2024,05,18,06,30,0.6,MM,MM,MM,MM,MM,MM,,MM,96
2024,05,18,06,20,0.6,MM,MM,MM,MM,MM,MM,,MM,96
2024,05,18,06,10,0.6,MM,MM,MM,MM,MM,MM,,MM,99
2024,05,18,06,00,0.6,MM,MM,MM,MM,MM,MM,,MM,95
2024,05,18,05,50,0.5,MM,MM,MM,MM,MM,MM,,MM,85
2024,05,18,05,40,0.7,MM,MM,MM,MM,MM,MM,,MM,80
2024,05,18,05,30,0.6,MM,MM,MM,MM,MM,MM,,MM,79
2024,05,18,05,20,0.6,MM,MM,MM,MM,MM,MM,,MM,79
2024,05,18,05,10,0.7,MM,MM,MM,MM,MM,MM,,MM,79
2024,05,18,05,00,0.6,MM,MM,MM,MM,MM,MM,,MM,80
2024,05,18,04,50,0.7,MM,MM,MM,MM,MM,MM,,MM,81
2024,05,18,04,40,0.7,MM,MM,MM,MM,MM,MM,,MM,85
2024,05,18,04,30,0.6,MM,MM,MM,MM,MM,MM,,MM,88
2024,05,18,04,20,0.7,MM,MM,MM,MM,MM,MM,,MM,87
2024,05,18,04,10,0.8,MM,MM,MM,MM,MM,MM,VERY_STEEP,MM,92
2024,05,18,04,00,0.6,MM,MM,MM,MM,MM,MM,,MM,99
2024,05,18,03,50,0.7,MM,MM,MM,MM,MM,MM,,MM,97
2024,05,18,03,40,0.7,MM,MM,MM,MM,MM,MM,,MM,94
2024,05,18,03,30,0.6,MM,MM,MM,MM,MM,MM,,MM,92
2024,05,18,03,20,0.7,MM,MM,MM,MM,MM,MM,,MM,89
2024,05,18,03,10,0.7,MM,MM,MM,MM,MM,MM,,MM,88
2024,05,18,03,00,0.7,MM,MM,MM,MM,MM,MM,,MM,87
2024,05,18,02,50,0.7,MM,MM,MM,MM,MM,MM,,MM,85
2024,05,18,02,40,0.8,MM,MM,MM,MM,MM,MM,VERY_STEEP,MM,78
2024,05,18,02,30,0.8,MM,MM,MM,MM,MM,MM,VERY_STEEP,MM,76
2024,05,18,02,20,0.8,MM,MM,MM,MM,MM,MM,VERY_STEEP,MM,78
2024,05,18,02,10,0.8,MM,MM,MM,MM,MM,MM,VERY_STEEP,MM,78
2024,05,18,02,00,0.8,MM,MM,MM,MM,MM,MM,VERY_STEEP,MM,80
2024,05,18,01,50,0.7,MM,MM,MM,MM,MM,MM,,MM,84
2024,05,18,01,40,0.8,MM,MM,MM,MM,MM,MM,VERY_STEEP,MM,81
2024,05,18,01,30,0.7,MM,MM,MM,MM,MM,MM,,MM,80
2024,05,18,01,20,0.9,MM,MM,MM,MM,MM,MM,VERY_STEEP,MM,82
2024,05,18,01,10,0.7,MM,MM,MM,MM,MM,MM,,MM,89
2024,05,18,01,00,0.8,MM,MM,MM,MM,MM,MM,VERY_STEEP,MM,94
2024,05,18,00,50,0.8,MM,MM,MM,MM,MM,MM,VERY_STEEP,MM,98
2024,05,18,00,40,0.8,MM,MM,MM,MM,MM,MM,VERY_STEEP,MM,103
2024,05,18,00,30,0.8,MM,MM,MM,MM,MM,MM,VERY_STEEP,MM,103
2024,05,18,00,20,0.8,MM,MM,MM,MM,MM,MM,VERY_STEEP,MM,93
2024,05,18,00,10,0.8,MM,MM,MM,MM,MM,MM,VERY_STEEP,MM,83
2024,05,18,00,00,0.8,MM,MM,MM,MM,MM,MM,VERY_STEEP,MM,82
2024,05,17,23,50,0.8,MM,MM,MM,MM,MM,MM,VERY_STEEP,MM,90
2024,05,17,23,40,0.7,MM,MM,MM,MM,MM,MM,,MM,94
2024,05,17,23,30,0.8,MM,MM,MM,MM,MM,MM,VERY_STEEP,MM,93
2024,05,17,23,20,0.7,MM,MM,MM,MM,MM,MM,,MM,90
2024,05,17,23,10,0.7,MM,MM,MM,MM,MM,MM,,MM,86
2024,05,17,23,00,0.8,MM,MM,MM,MM,MM,MM,VERY_STEEP,MM,77
2024,05,17,22,50,0.8,MM,MM,MM,MM,MM,MM,VERY_STEEP,MM,70
2024,05,17,22,40,0.7,MM,MM,MM,MM,MM,MM,,MM,67
2024,05,17,22,30,0.8,MM,MM,MM,MM,MM,MM,VERY_STEEP,MM,69
2024,05,17,22,20,0.7,MM,MM,MM,MM,MM,MM,,MM,72
2024,05,17,22,10,0.7,MM,MM,MM,MM,MM,MM,,MM,77
2024,05,17,22,00,0.7,MM,MM,MM,MM,MM,MM,,MM,82
2024,05,17,21,50,0.7,MM,MM,MM,MM,MM,MM,,MM,77
2024,05,17,21,40,0.7,MM,MM,MM,MM,MM,MM,,MM,80
2024,05,17,21,30,0.7,MM,MM,MM,MM,MM,MM,,MM,88
2024,05,17,21,20,0.7,MM,MM,MM,MM,MM,MM,,MM,90
2024,05,17,21,10,0.7,MM,MM,MM,MM,MM,MM,,MM,87
2024,05,17,21,00,0.7,MM,MM,MM,MM,MM,MM,,MM,84
2024,05,17,20,50,0.6,MM,MM,MM,MM,MM,MM,,MM,84
2024,05,17,20,40,0.7,MM,MM,MM,MM,MM,MM,,MM,85
2024,05,17,20,30,0.6,MM,MM,MM,MM,MM,MM,,MM,83
2024,05,17,20,20,0.7,MM,MM,MM,MM,MM,MM,,MM,83
2024,05,17,20,10,0.6,MM,MM,MM,MM,MM,MM,,MM,86
2024,05,17,20,00,0.6,MM,MM,MM,MM,MM,MM,,MM,81
2024,05,17,19,50,0.6,MM,MM,MM,MM,MM,MM,,MM,79
2024,05,17,19,40,0.6,MM,MM,MM,MM,MM,MM,,MM,82
2024,05,17,19,30,0.5,MM,MM,MM,MM,MM,MM,,MM,86
2024,05,17,19,20,0.5,MM,MM,MM,MM,MM,MM,,MM,90
2024,05,17,19,10,0.4,MM,MM,MM,MM,MM,MM,,MM,94
2024,05,17,19,00,0.4,MM,MM,MM,MM,MM,MM,,MM,95
2024,05,17,18,50,0.4,MM,MM,MM,MM,MM,MM,,MM,98
2024,05,17,18,40,0.3,MM,MM,MM,MM,MM,MM,,MM,101
2024,05,17,18,30,0.2,MM,MM,MM,MM,MM,MM,,MM,110
2024,05,17,18,20,0.2,MM,MM,MM,MM,MM,MM,,MM,115
2024,05,17,18,10,0.2,MM,MM,MM,MM,MM,MM,,MM,121
2024,05,17,18,00,0.1,MM,MM,MM,MM,MM,MM,,MM,124
2024,05,17,17,50,0.1,MM,MM,MM,MM,MM,MM,,MM,123
2024,05,17,17,40,0.1,MM,MM,MM,MM,MM,MM,,MM,126
2024,05,17,17,30,0.1,MM,MM,MM,MM,MM,MM,,MM,127
2024,05,17,17,20,0.1,MM,MM,MM,MM,MM,MM,,MM,118
2024,05,17,17,10,0.1,MM,MM,MM,MM,MM,MM,,MM,112
2024,05,17,17,00,0.1,MM,MM,MM,MM,MM,MM,,MM,103
2024,05,17,16,50,0.1,MM,MM,MM,MM,MM,MM,,MM,99
2024,05,17,16,40,0.1,MM,MM,MM,MM,MM,MM,,MM,106
2024,05,17,16,30,0.1,MM,MM,MM,MM,MM,MM,,MM,110
2024,05,17,16,20,0.1,MM,MM,MM,MM,MM,MM,,MM,113
2024,05,17,16,10,0.1,MM,MM,MM,MM,MM,MM,,MM,118
2024,05,17,16,00,0.1,MM,MM,MM,MM,MM,MM,,MM,121
2024,05,17,15,50,0.1,MM,MM,MM,MM,MM,MM,,MM,122
2024,05,17,15,40,0.1,MM,MM,MM,MM,MM,MM,,MM,122
2024,05,17,15,30,0.1,MM,MM,MM,MM,MM,MM,,MM,120
2024,05,17,15,20,0.1,MM,MM,MM,MM,MM,MM,,MM,120
2024,05,17,15,10,0.1,MM,MM,MM,MM,MM,MM,,MM,113
2024,05,17,15,00,0.1,MM,MM,MM,MM,MM,MM,,MM,111
2024,05,17,14,50,0.1,MM,MM,MM,MM,MM,MM,,MM,108
2024,05,17,14,40,0.1,MM,MM,MM,MM,MM,MM,,MM,102
2024,05,17,14,30,0.1,MM,MM,MM,MM,MM,MM,,MM,92
2024,05,17,14,20,0.1,MM,MM,MM,MM,MM,MM,,MM,87
2024,05,17,14,10,0.1,MM,MM,MM,MM,MM,MM,,MM,88
2024,05,17,14,00,0.1,MM,MM,MM,MM,MM,MM,,MM,94
2024,05,17,13,50,0.1,MM,MM,MM,MM,MM,MM,,MM,101
2024,05,17,13,40,0.1,MM,MM,MM,MM,MM,MM,,MM,108
2024,05,17,13,30,0.1,MM,MM,MM,MM,MM,MM,,MM,116
2024,05,17,13,20,0.1,MM,MM,MM,MM,MM,MM,,MM,205
2024,05,17,13,10,0.1,MM,MM,MM,MM,MM,MM,,MM,161
2024,05,17,13,00,0.1,MM,MM,MM,MM,MM,MM,,MM,130
2024,05,17,12,50,0.1,MM,MM,MM,MM,MM,MM,,MM,136
2024,05,17,12,40,0.1,MM,MM,MM,MM,MM,MM,,MM,139
2024,05,17,12,30,0.1,MM,MM,MM,MM,MM,MM,,MM,136
2024,05,17,12,20,0.1,MM,MM,MM,MM,MM,MM,,MM,135
2024,05,17,12,10,0.1,MM,MM,MM,MM,MM,MM,,MM,132
2024,05,17,12,00,0.1,MM,MM,MM,MM,MM,MM,,MM,128
2024,05,17,11,50,0.1,MM,MM,MM,MM,MM,MM,,MM,130
2024,05,17,11,40,0.1,MM,MM,MM,MM,MM,MM,,MM,127
2024,05,17,11,30,0.1,MM,MM,MM,MM,MM,MM,,MM,124
2024,05,17,11,20,0.1,MM,MM,MM,MM,MM,MM,,MM,122
2024,05,17,11,10,0.1,MM,MM,MM,MM,MM,MM,,MM,118
2024,05,17,11,00,0.1,MM,MM,MM,MM,MM,MM,,MM,110
2024,05,17,10,50,0.1,MM,MM,MM,MM,MM,MM,,MM,111
2024,05,17,10,40,0.1,MM,MM,MM,MM,MM,MM,,MM,114
2024,05,17,10,30,0.1,MM,MM,MM,MM,MM,MM,,MM,115
2024,05,17,10,20,0.1,MM,MM,MM,MM,MM,MM,,MM,120
2024,05,17,10,10,0.1,MM,MM,MM,MM,MM,MM,,MM,130
2024,05,17,10,00,0.1,MM,MM,MM,MM,MM,MM,,MM,136
2024,05,17,09,50,0.1,MM,MM,MM,MM,MM,MM,,MM,139
2024,05,17,09,40,0.1,MM,MM,MM,MM,MM,MM,,MM,143
2024,05,17,09,30,0.1,MM,MM,MM,MM,MM,MM,,MM,142
2024,05,17,09,20,0.1,MM,MM,MM,MM,MM,MM,,MM,138
2024,05,17,09,10,0.1,MM,MM,MM,MM,MM,MM,,MM,133
2024,05,17,09,00,0.1,MM,MM,MM,MM,MM,MM,,MM,134
2024,05,17,08,50,0.1,MM,MM,MM,MM,MM,MM,,MM,132
2024,05,17,08,40,0.1,MM,MM,MM,MM,MM,MM,,MM,131
2024,05,17,08,30,0.1,MM,MM,MM,MM,MM,MM,,MM,129
2024,05,17,08,20,0.1,MM,MM,MM,MM,MM,MM,,MM,124
2024,05,17,08,10,0.2,MM,MM,MM,MM,MM,MM,,MM,121
2024,05,17,08,00,0.1,MM,MM,MM,MM,MM,MM,,MM,116
2024,05,17,07,50,0.1,MM,MM,MM,MM,MM,MM,,MM,116
2024,05,17,07,40,0.1,MM,MM,MM,MM,MM,MM,,MM,116
2024,05,17,07,30,0.1,MM,MM,MM,MM,MM,MM,,MM,116
2024,05,17,07,20,0.2,MM,MM,MM,MM,MM,MM,,MM,121
2024,05,17,07,10,0.2,MM,MM,MM,MM,MM,MM,,MM,123
2024,05,17,07,00,0.2,MM,MM,MM,MM,MM,MM,,MM,126
2024,05,17,06,50,0.2,MM,MM,MM,MM,MM,MM,,MM,130
2024,05,17,06,40,0.2,MM,MM,MM,MM,MM,MM,,MM,131
2024,05,17,06,30,0.2,MM,MM,MM,MM,MM,MM,,MM,134
2024,05,17,06,20,0.2,MM,MM,MM,MM,MM,MM,,MM,134
2024,05,17,06,10,0.2,MM,MM,MM,MM,MM,MM,,MM,141
2024,05,17,06,00,0.2,MM,MM,MM,MM,MM,MM,,MM,146
2024,05,17,05,50,0.2,MM,MM,MM,MM,MM,MM,,MM,148
2024,05,17,05,40,0.2,MM,MM,MM,MM,MM,MM,,MM,147
2024,05,17,05,30,0.2,MM,MM,MM,MM,MM,MM,,MM,146
2024,05,17,05,20,0.2,MM,MM,MM,MM,MM,MM,,MM,139
2024,05,17,05,10,0.2,MM,MM,MM,MM,MM,MM,,MM,137
2024,05,17,05,00,0.2,MM,MM,MM,MM,MM,MM,,MM,140
2024,05,17,04,50,0.2,MM,MM,MM,MM,MM,MM,,MM,139
2024,05,17,04,40,0.2,MM,MM,MM,MM,MM,MM,,MM,135
2024,05,17,04,30,0.2,MM,MM,MM,MM,MM,MM,,MM,129
2024,05,17,04,20,0.2,MM,MM,MM,MM,MM,MM,,MM,126
2024,05,17,04,10,0.2,MM,MM,MM,MM,MM,MM,,MM,120
2024,05,17,04,00,0.2,MM,MM,MM,MM,MM,MM,,MM,118
2024,05,17,03,50,0.2,MM,MM,MM,MM,MM,MM,,MM,109
2024,05,17,03,40,0.2,MM,MM,MM,MM,MM,MM,,MM,102
2024,05,17,03,30,0.3,MM,MM,MM,MM,MM,MM,,MM,98
2024,05,17,03,20,0.2,MM,MM,MM,MM,MM,MM,,MM,96
2024,05,17,03,10,0.2,MM,MM,MM,MM,MM,MM,,MM,94
2024,05,17,03,00,0.3,MM,MM,MM,MM,MM,MM,,MM,96
2024,05,17,02,50,0.3,MM,MM,MM,MM,MM,MM,,MM,100
2024,05,17,02,40,0.3,MM,MM,MM,MM,MM,MM,,MM,106
2024,05,17,02,30,0.3,MM,MM,MM,MM,MM,MM,,MM,114
2024,05,17,02,20,0.3,MM,MM,MM,MM,MM,MM,,MM,110
2024,05,17,02,10,0.3,MM,MM,MM,MM,MM,MM,,MM,105
2024,05,17,02,00,0.3,MM,MM,MM,MM,MM,MM,,MM,104
2024,05,17,01,50,0.3,MM,MM,MM,MM,MM,MM,,MM,104
2024,05,17,01,40,0.3,MM,MM,MM,MM,MM,MM,,MM,99
2024,05,17,01,30,0.3,MM,MM,MM,MM,MM,MM,,MM,96
2024,05,17,01,20,0.3,MM,MM,MM,MM,MM,MM,,MM,92
2024,05,17,01,10,0.3,MM,MM,MM,MM,MM,MM,,MM,88
2024,05,17,01,00,0.3,MM,MM,MM,MM,MM,MM,,MM,87
2024,05,17,00,50,0.3,MM,MM,MM,MM,MM,MM,,MM,88
2024,05,17,00,40,0.3,MM,MM,MM,MM,MM,MM,,MM,90
2024,05,17,00,30,0.3,MM,MM,MM,MM,MM,MM,,MM,97
2024,05,17,00,20,0.3,MM,MM,MM,MM,MM,MM,,MM,109
2024,05,17,00,10,0.4,MM,MM,MM,MM,MM,MM,,MM,109
2024,05,17,00,00,0.4,MM,MM,MM,MM,MM,MM,,MM,105
2024,05,16,23,50,0.4,MM,MM,MM,MM,MM,MM,,MM,96
2024,05,16,23,40,0.4,MM,MM,MM,MM,MM,MM,,MM,94
2024,05,16,23,30,0.4,MM,MM,MM,MM,MM,MM,,MM,97
2024,05,16,23,20,0.4,MM,MM,MM,MM,MM,MM,,MM,104
2024,05,16,23,10,0.4,MM,MM,MM,MM,MM,MM,,MM,102
2024,05,16,23,00,0.5,MM,MM,MM,MM,MM,MM,,MM,116
2024,05,16,22,50,0.5,MM,MM,MM,MM,MM,MM,,MM,119
2024,05,16,22,40,0.5,MM,MM,MM,MM,MM,MM,,MM,116
2024,05,16,22,30,0.5,MM,MM,MM,MM,MM,MM,,MM,117
2024,05,16,22,20,0.5,MM,MM,MM,MM,MM,MM,,MM,121
2024,05,16,22,10,0.5,MM,MM,MM,MM,MM,MM,,MM,123
2024,05,16,22,00,0.5,MM,MM,MM,MM,MM,MM,,MM,117
2024,05,16,21,50,0.6,MM,MM,MM,MM,MM,MM,,MM,110
2024,05,16,21,40,0.6,MM,MM,MM,MM,MM,MM,,MM,108
2024,05,16,21,30,0.6,MM,MM,MM,MM,MM,MM,,MM,101
2024,05,16,21,20,0.6,MM,MM,MM,MM,MM,MM,,MM,94
2024,05,16,21,10,0.6,MM,MM,MM,MM,MM,MM,,MM,91
2024,05,16,21,00,0.6,MM,MM,MM,MM,MM,MM,,MM,83
2024,05,16,20,50,0.6,MM,MM,MM,MM,MM,MM,,MM,79
2024,05,16,20,40,0.7,MM,MM,MM,MM,MM,MM,,MM,73
2024,05,16,20,30,0.6,MM,MM,MM,MM,MM,MM,,MM,69
2024,05,16,20,20,0.7,MM,MM,MM,MM,MM,MM,,MM,68
2024,05,16,20,10,0.6,MM,MM,MM,MM,MM,MM,,MM,62
2024,05,16,20,00,0.7,MM,MM,MM,MM,MM,MM,,MM,45
2024,05,16,19,50,0.7,MM,MM,MM,MM,MM,MM,,MM,45
2024,05,16,19,40,0.7,MM,MM,MM,MM,MM,MM,,MM,54
2024,05,16,19,30,0.7,MM,MM,MM,MM,MM,MM,,MM,60
2024,05,16,19,20,0.7,MM,MM,MM,MM,MM,MM,,MM,63
2024,05,16,19,10,0.7,MM,MM,MM,MM,MM,MM,,MM,64
2024,05,16,19,00,0.8,MM,MM,MM,MM,MM,MM,VERY_STEEP,MM,73
2024,05,16,18,50,0.7,MM,MM,MM,MM,MM,MM,,MM,79
2024,05,16,18,40,0.7,MM,MM,MM,MM,MM,MM,,MM,86
2024,05,16,18,30,0.8,MM,MM,MM,MM,MM,MM,STEEP,MM,90
2024,05,16,18,20,0.7,MM,MM,MM,MM,MM,MM,,MM,87
2024,05,16,18,10,0.7,MM,MM,MM,MM,MM,MM,,MM,92
2024,05,16,18,00,0.7,MM,MM,MM,MM,MM,MM,,MM,98
2024,05,16,17,50,0.7,MM,MM,MM,MM,MM,MM,,MM,99
2024,05,16,17,40,0.8,MM,MM,MM,MM,MM,MM,VERY_STEEP,MM,98
2024,05,16,17,30,0.8,MM,MM,MM,MM,MM,MM,VERY_STEEP,MM,101
2024,05,16,17,20,0.9,MM,MM,MM,MM,MM,MM,VERY_STEEP,MM,103
2024,05,16,17,10,0.9,MM,MM,MM,MM,MM,MM,VERY_STEEP,MM,91
2024,05,16,17,00,0.8,MM,MM,MM,MM,MM,MM,STEEP,MM,86
2024,05,16,16,50,0.8,MM,MM,MM,MM,MM,MM,VERY_STEEP,MM,88
2024,05,16,16,40,0.9,MM,MM,MM,MM,MM,MM,VERY_STEEP,MM,88
2024,05,16,16,30,0.9,MM,MM,MM,MM,MM,MM,VERY_STEEP,MM,81
2024,05,16,16,20,0.9,MM,MM,MM,MM,MM,MM,VERY_STEEP,MM,78
2024,05,16,16,10,0.9,MM,MM,MM,MM,MM,MM,VERY_STEEP,MM,87
2024,05,16,16,00,0.9,MM,MM,MM,MM,MM,MM,VERY_STEEP,MM,94
2024,05,16,15,50,0.9,MM,MM,MM,MM,MM,MM,VERY_STEEP,MM,88
2024,05,16,15,40,0.9,MM,MM,MM,MM,MM,MM,VERY_STEEP,MM,79
2024,05,16,15,30,0.8,MM,MM,MM,MM,MM,MM,STEEP,MM,78
2024,05,16,15,20,0.9,MM,MM,MM,MM,MM,MM,STEEP,MM,80
2024,05,16,15,10,0.9,MM,MM,MM,MM,MM,MM,VERY_STEEP,MM,88
2024,05,16,15,00,0.9,MM,MM,MM,MM,MM,MM,VERY_STEEP,MM,89
2024,05,16,14,50,0.9,MM,MM,MM,MM,MM,MM,VERY_STEEP,MM,83
2024,05,16,14,40,0.9,MM,MM,MM,MM,MM,MM,STEEP,MM,76
2024,05,16,14,30,0.8,MM,MM,MM,MM,MM,MM,VERY_STEEP,MM,76
2024,05,16,14,20,0.9,MM,MM,MM,MM,MM,MM,VERY_STEEP,MM,76
2024,05,16,14,10,0.9,MM,MM,MM,MM,MM,MM,VERY_STEEP,MM,72
2024,05,16,14,00,1.0,MM,MM,MM,MM,MM,MM,VERY_STEEP,MM,89
2024,05,16,13,50,0.9,MM,MM,MM,MM,MM,MM,VERY_STEEP,MM,84
2024,05,16,13,40,0.9,MM,MM,MM,MM,MM,MM,VERY_STEEP,MM,83
2024,05,16,13,30,1.0,MM,MM,MM,MM,MM,MM,VERY_STEEP,MM,86
2024,05,16,13,20,1.0,MM,MM,MM,MM,MM,MM,VERY_STEEP,MM,88
2024,05,16,13,10,1.2,MM,MM,MM,MM,MM,MM,VERY_STEEP,MM,90
2024,05,16,13,00,1.1,MM,MM,MM,MM,MM,MM,VERY_STEEP,MM,78
2024,05,16,12,50,1.0,MM,MM,MM,MM,MM,MM,VERY_STEEP,MM,74
2024,05,16,12,40,1.1,MM,MM,MM,MM,MM,MM,VERY_STEEP,MM,70
2024,05,16,12,30,1.1,MM,MM,MM,MM,MM,MM,VERY_STEEP,MM,78
2024,05,16,12,20,1.1,MM,MM,MM,MM,MM,MM,VERY_STEEP,MM,86
2024,05,16,12,10,1.0,MM,MM,MM,MM,MM,MM,VERY_STEEP,MM,82
2024,05,16,12,00,1.0,MM,MM,MM,MM,MM,MM,VERY_STEEP,MM,75
2024,05,16,11,50,1.0,MM,MM,MM,MM,MM,MM,VERY_STEEP,MM,71
2024,05,16,11,40,1.0,MM,MM,MM,MM,MM,MM,VERY_STEEP,MM,69
2024,05,16,11,30,0.9,MM,MM,MM,MM,MM,MM,VERY_STEEP,MM,67
2024,05,16,11,20,1.0,MM,MM,MM,MM,MM,MM,VERY_STEEP,MM,82
2024,05,16,11,10,1.0,MM,MM,MM,MM,MM,MM,VERY_STEEP,MM,87
2024,05,16,11,00,0.9,MM,MM,MM,MM,MM,MM,VERY_STEEP,MM,90
2024,05,16,10,50,1.0,MM,MM,MM,MM,MM,MM,VERY_STEEP,MM,87
2024,05,16,10,40,1.0,MM,MM,MM,MM,MM,MM,VERY_STEEP,MM,85
2024,05,16,10,30,0.8,MM,MM,MM,MM,MM,MM,STEEP,MM,80
2024,05,16,10,20,0.9,MM,MM,MM,MM,MM,MM,VERY_STEEP,MM,75
2024,05,16,10,10,1.0,MM,MM,MM,MM,MM,MM,VERY_STEEP,MM,68
2024,05,16,10,00,1.0,MM,MM,MM,MM,MM,MM,VERY_STEEP,MM,68
2024,05,16,09,50,1.0,MM,MM,MM,MM,MM,MM,VERY_STEEP,MM,64
2024,05,16,09,40,0.9,MM,MM,MM,MM,MM,MM,VERY_STEEP,MM,65
2024,05,16,09,30,0.9,MM,MM,MM,MM,MM,MM,VERY_STEEP,MM,67
2024,05,16,09,20,0.9,MM,MM,MM,MM,MM,MM,VERY_STEEP,MM,66
2024,05,16,09,10,0.8,MM,MM,MM,MM,MM,MM,VERY_STEEP,MM,72
2024,05,16,09,00,0.9,MM,MM,MM,MM,MM,MM,VERY_STEEP,MM,77
2024,05,16,08,50,0.8,MM,MM,MM,MM,MM,MM,VERY_STEEP,MM,76
2024,05,16,08,40,0.8,MM,MM,MM,MM,MM,MM,VERY_STEEP,MM,72
2024,05,16,08,30,0.9,MM,MM,MM,MM,MM,MM,VERY_STEEP,MM,70
2024,05,16,08,20,0.8,MM,MM,MM,MM,MM,MM,VERY_STEEP,MM,70
2024,05,16,08,10,0.9,MM,MM,MM,MM,MM,MM,VERY_STEEP,MM,70
2024,05,16,08,00,0.9,MM,MM,MM,MM,MM,MM,VERY_STEEP,MM,76
2024,05,16,07,50,0.8,MM,MM,MM,MM,MM,MM,VERY_STEEP,MM,75
2024,05,16,07,40,0.9,MM,MM,MM,MM,MM,MM,VERY_STEEP,MM,75
2024,05,16,07,30,0.7,MM,MM,MM,MM,MM,MM,,MM,81
2024,05,16,07,20,0.8,MM,MM,MM,MM,MM,MM,VERY_STEEP,MM,82
2024,05,16,07,10,0.7,MM,MM,MM,MM,MM,MM,,MM,84
2024,05,16,01,40,0.8,MM,MM,MM,MM,MM,MM,VERY_STEEP,MM,78
2024,05,16,01,30,0.7,MM,MM,MM,MM,MM,MM,,MM,80
2024,05,16,01,20,0.8,MM,MM,MM,MM,MM,MM,VERY_STEEP,MM,81
2024,05,16,01,10,0.8,MM,MM,MM,MM,MM,MM,VERY_STEEP,MM,80
2024,05,16,01,00,0.8,MM,MM,MM,MM,MM,MM,VERY_STEEP,MM,80
2024,05,16,00,50,0.9,MM,MM,MM,MM,MM,MM,VERY_STEEP,MM,77
2024,05,16,00,40,0.8,MM,MM,MM,MM,MM,MM,VERY_STEEP,MM,80
2024,05,16,00,30,0.8,MM,MM,MM,MM,MM,MM,VERY_STEEP,MM,92
2024,05,16,00,20,0.9,MM,MM,MM,MM,MM,MM,VERY_STEEP,MM,92
2024,05,16,00,10,0.9,MM,MM,MM,MM,MM,MM,VERY_STEEP,MM,96
2024,05,16,00,00,0.8,MM,MM,MM,MM,MM,MM,VERY_STEEP,MM,96
2024,05,15,23,50,0.9,MM,MM,MM,MM,MM,MM,VERY_STEEP,MM,96
2024,05,15,23,40,0.9,MM,MM,MM,MM,MM,MM,VERY_STEEP,MM,92
2024,05,15,23,30,0.9,MM,MM,MM,MM,MM,MM,VERY_STEEP,MM,79
2024,05,15,23,20,0.9,MM,MM,MM,MM,MM,MM,VERY_STEEP,MM,72
2024,05,15,23,10,0.9,MM,MM,MM,MM,MM,MM,VERY_STEEP,MM,75
2024,05,15,23,00,0.9,MM,MM,MM,MM,MM,MM,VERY_STEEP,MM,76
2024,05,15,22,50,0.8,MM,MM,MM,MM,MM,MM,VERY_STEEP,MM,76
2024,05,15,22,40,0.9,MM,MM,MM,MM,MM,MM,VERY_STEEP,MM,73
2024,05,15,22,30,0.8,MM,MM,MM,MM,MM,MM,VERY_STEEP,MM,78
2024,05,15,22,20,0.9,MM,MM,MM,MM,MM,MM,VERY_STEEP,MM,78
2024,05,15,22,10,0.8,MM,MM,MM,MM,MM,MM,VERY_STEEP,MM,80
2024,05,15,22,00,0.9,MM,MM,MM,MM,MM,MM,VERY_STEEP,MM,84
2024,05,15,21,50,0.8,MM,MM,MM,MM,MM,MM,VERY_STEEP,MM,84
2024,05,15,21,40,0.8,MM,MM,MM,MM,MM,MM,VERY_STEEP,MM,82
2024,05,15,21,30,0.8,MM,MM,MM,MM,MM,MM,VERY_STEEP,MM,82
2024,05,15,21,20,0.9,MM,MM,MM,MM,MM,MM,VERY_STEEP,MM,80
2024,05,15,21,10,0.8,MM,MM,MM,MM,MM,MM,VERY_STEEP,MM,77
2024,05,15,21,00,0.8,MM,MM,MM,MM,MM,MM,VERY_STEEP,MM,77
2024,05,15,20,50,0.8,MM,MM,MM,MM,MM,MM,VERY_STEEP,MM,77
2024,05,15,20,40,0.8,MM,MM,MM,MM,MM,MM,VERY_STEEP,MM,71
2024,05,15,20,30,0.8,MM,MM,MM,MM,MM,MM,VERY_STEEP,MM,71
2024,05,15,20,20,0.8,MM,MM,MM,MM,MM,MM,VERY_STEEP,MM,67
2024,05,15,20,10,0.7,MM,MM,MM,MM,MM,MM,,MM,67
2024,05,15,20,00,0.8,MM,MM,MM,MM,MM,MM,VERY_STEEP,MM,74
2024,05,15,19,50,0.7,MM,MM,MM,MM,MM,MM,,MM,76
2024,05,15,19,40,0.8,MM,MM,MM,MM,MM,MM,VERY_STEEP,MM,72
2024,05,15,19,30,0.7,MM,MM,MM,MM,MM,MM,,MM,67
2024,05,15,19,20,0.8,MM,MM,MM,MM,MM,MM,VERY_STEEP,MM,66
2024,05,15,19,10,0.8,MM,MM,MM,MM,MM,MM,VERY_STEEP,MM,67
2024,05,15,19,00,0.8,MM,MM,MM,MM,MM,MM,VERY_STEEP,MM,75
2024,05,15,18,50,0.7,MM,MM,MM,MM,MM,MM,,MM,80
2024,05,15,18,40,0.7,MM,MM,MM,MM,MM,MM,,MM,79
2024,05,15,18,30,0.7,MM,MM,MM,MM,MM,MM,,MM,72
2024,05,15,18,20,0.7,MM,MM,MM,MM,MM,MM,,MM,72
2024,05,15,18,10,0.7,MM,MM,MM,MM,MM,MM,,MM,75
2024,05,15,18,00,0.7,MM,MM,MM,MM,MM,MM,,MM,75
2024,05,15,17,50,0.7,MM,MM,MM,MM,MM,MM,,MM,80
2024,05,15,17,40,0.7,MM,MM,MM,MM,MM,MM,,MM,84
2024,05,15,17,30,0.6,MM,MM,MM,MM,MM,MM,,MM,93
2024,05,15,17,20,0.6,MM,MM,MM,MM,MM,MM,,MM,96
2024,05,15,17,10,0.6,MM,MM,MM,MM,MM,MM,,MM,96
2024,05,15,17,00,0.6,MM,MM,MM,MM,MM,MM,,MM,90
2024,05,15,16,50,0.6,MM,MM,MM,MM,MM,MM,,MM,87
2024,05,15,16,40,0.6,MM,MM,MM,MM,MM,MM,,MM,84
2024,05,15,16,30,0.6,MM,MM,MM,MM,MM,MM,,MM,82
2024,05,15,16,20,0.6,MM,MM,MM,MM,MM,MM,,MM,80
2024,05,15,16,10,0.6,MM,MM,MM,MM,MM,MM,,MM,81
2024,05,15,16,00,0.5,MM,MM,MM,MM,MM,MM,,MM,83
2024,05,15,15,50,0.5,MM,MM,MM,MM,MM,MM,,MM,81
2024,05,15,15,40,0.5,MM,MM,MM,MM,MM,MM,,MM,79
2024,05,15,15,30,0.5,MM,MM,MM,MM,MM,MM,,MM,77
2024,05,15,15,20,0.5,MM,MM,MM,MM,MM,MM,,MM,79
2024,05,15,15,10,0.5,MM,MM,MM,MM,MM,MM,,MM,84
2024,05,15,15,00,0.4,MM,MM,MM,MM,MM,MM,,MM,82
2024,05,15,14,50,0.5,MM,MM,MM,MM,MM,MM,,MM,82
2024,05,15,14,40,0.4,MM,MM,MM,MM,MM,MM,,MM,85
2024,05,15,14,30,0.4,MM,MM,MM,MM,MM,MM,,MM,92
2024,05,15,14,20,0.4,MM,MM,MM,MM,MM,MM,,MM,102
2024,05,15,14,10,0.3,MM,MM,MM,MM,MM,MM,,MM,106
2024,05,15,14,00,0.4,MM,MM,MM,MM,MM,MM,,MM,108
2024,05,15,13,50,0.4,MM,MM,MM,MM,MM,MM,,MM,106
2024,05,15,13,40,0.4,MM,MM,MM,MM,MM,MM,,MM,103
2024,05,15,13,30,0.3,MM,MM,MM,MM,MM,MM,,MM,99
2024,05,15,13,20,0.3,MM,MM,MM,MM,MM,MM,,MM,98
2024,05,15,13,10,0.3,MM,MM,MM,MM,MM,MM,,MM,100
2024,05,15,13,00,0.3,MM,MM,MM,MM,MM,MM,,MM,94
2024,05,15,12,50,0.3,MM,MM,MM,MM,MM,MM,,MM,102
2024,05,15,12,40,0.3,MM,MM,MM,MM,MM,MM,,MM,110
2024,05,15,12,30,0.3,MM,MM,MM,MM,MM,MM,,MM,113
2024,05,15,12,20,0.3,MM,MM,MM,MM,MM,MM,,MM,118
2024,05,15,12,10,0.2,MM,MM,MM,MM,MM,MM,,MM,126
2024,05,15,12,00,0.2,MM,MM,MM,MM,MM,MM,,MM,130
2024,05,15,11,50,0.2,MM,MM,MM,MM,MM,MM,,MM,129
2024,05,15,11,40,0.2,MM,MM,MM,MM,MM,MM,,MM,123
2024,05,15,11,30,0.2,MM,MM,MM,MM,MM,MM,,MM,125
2024,05,15,11,20,0.2,MM,MM,MM,MM,MM,MM,,MM,129
2024,05,15,11,10,0.2,MM,MM,MM,MM,MM,MM,,MM,132
2024,05,15,11,00,0.2,MM,MM,MM,MM,MM,MM,,MM,134
2024,05,15,10,50,0.2,MM,MM,MM,MM,MM,MM,,MM,142
2024,05,15,10,40,0.2,MM,MM,MM,MM,MM,MM,,MM,146
2024,05,15,10,30,0.2,MM,MM,MM,MM,MM,MM,,MM,142
2024,05,15,10,20,0.2,MM,MM,MM,MM,MM,MM,,MM,135
2024,05,15,10,10,0.2,MM,MM,MM,MM,MM,MM,,MM,135
2024,05,15,10,00,0.2,MM,MM,MM,MM,MM,MM,,MM,132
2024,05,15,09,50,0.2,MM,MM,MM,MM,MM,MM,,MM,128
2024,05,15,09,40,0.2,MM,MM,MM,MM,MM,MM,,MM,125
2024,05,15,09,30,0.2,MM,MM,MM,MM,MM,MM,,MM,125
2024,05,15,09,20,0.2,MM,MM,MM,MM,MM,MM,,MM,126
2024,05,15,09,10,0.2,MM,MM,MM,MM,MM,MM,,MM,129
2024,05,15,09,00,0.2,MM,MM,MM,MM,MM,MM,,MM,129
2024,05,15,08,50,0.2,MM,MM,MM,MM,MM,MM,,MM,123
2024,05,15,08,40,0.2,MM,MM,MM,MM,MM,MM,,MM,112
2024,05,15,08,30,0.2,MM,MM,MM,MM,MM,MM,,MM,106
2024,05,15,08,20,0.2,MM,MM,MM,MM,MM,MM,,MM,103
2024,05,15,08,10,0.2,MM,MM,MM,MM,MM,MM,,MM,100
2024,05,15,08,00,0.2,MM,MM,MM,MM,MM,MM,,MM,109
2024,05,15,07,50,0.2,MM,MM,MM,MM,MM,MM,,MM,116
2024,05,15,07,40,0.2,MM,MM,MM,MM,MM,MM,,MM,127
2024,05,15,07,30,0.2,MM,MM,MM,MM,MM,MM,,MM,135
2024,05,15,07,20,0.2,MM,MM,MM,MM,MM,MM,,MM,140
2024,05,15,07,10,0.3,MM,MM,MM,MM,MM,MM,,MM,143
2024,05,15,02,10,0.5,MM,MM,MM,MM,MM,MM,,MM,101
2024,05,15,02,00,0.5,MM,MM,MM,MM,MM,MM,,MM,99
2024,05,15,01,50,0.5,MM,MM,MM,MM,MM,MM,,MM,95
2024,05,15,01,40,0.5,MM,MM,MM,MM,MM,MM,,MM,94
2024,05,15,01,30,0.5,MM,MM,MM,MM,MM,MM,,MM,91
2024,05,15,01,20,0.6,MM,MM,MM,MM,MM,MM,,MM,89
2024,05,15,01,10,0.5,MM,MM,MM,MM,MM,MM,,MM,91
2024,05,15,01,00,0.5,MM,MM,MM,MM,MM,MM,,MM,96
2024,05,15,00,50,0.6,MM,MM,MM,MM,MM,MM,,MM,97
2024,05,15,00,40,0.6,MM,MM,MM,MM,MM,MM,,MM,94
2024,05,15,00,30,0.5,MM,MM,MM,MM,MM,MM,,MM,92
2024,05,15,00,20,0.6,MM,MM,MM,MM,MM,MM,,MM,93
2024,05,15,00,10,0.5,MM,MM,MM,MM,MM,MM,,MM,96
2024,05,15,00,00,0.6,MM,MM,MM,MM,MM,MM,,MM,100
2024,05,14,23,50,0.6,MM,MM,MM,MM,MM,MM,,MM,98
2024,05,14,23,40,0.6,MM,MM,MM,MM,MM,MM,,MM,98
2024,05,14,23,30,0.6,MM,MM,MM,MM,MM,MM,,MM,98
2024,05,14,23,20,0.5,MM,MM,MM,MM,MM,MM,,MM,99
2024,05,14,23,10,0.6,MM,MM,MM,MM,MM,MM,,MM,102
2024,05,14,23,00,0.6,MM,MM,MM,MM,MM,MM,,MM,105
2024,05,14,22,50,0.6,MM,MM,MM,MM,MM,MM,,MM,104
2024,05,14,22,40,0.6,MM,MM,MM,MM,MM,MM,,MM,104
2024,05,14,22,30,0.6,MM,MM,MM,MM,MM,MM,,MM,104
2024,05,14,22,20,0.6,MM,MM,MM,MM,MM,MM,,MM,103
2024,05,14,22,10,0.6,MM,MM,MM,MM,MM,MM,,MM,99
2024,05,14,22,00,0.7,MM,MM,MM,MM,MM,MM,,MM,93
2024,05,14,21,50,0.7,MM,MM,MM,MM,MM,MM,,MM,85
2024,05,14,21,40,0.6,MM,MM,MM,MM,MM,MM,,MM,74
2024,05,14,21,30,0.7,MM,MM,MM,MM,MM,MM,,MM,72
2024,05,14,21,20,0.7,MM,MM,MM,MM,MM,MM,,MM,78
2024,05,14,21,10,0.7,MM,MM,MM,MM,MM,MM,,MM,88
2024,05,14,21,00,0.7,MM,MM,MM,MM,MM,MM,,MM,92
2024,05,14,20,50,0.7,MM,MM,MM,MM,MM,MM,,MM,94
2024,05,14,20,40,0.6,MM,MM,MM,MM,MM,MM,,MM,94
2024,05,14,20,30,0.7,MM,MM,MM,MM,MM,MM,,MM,97
2024,05,14,20,20,0.6,MM,MM,MM,MM,MM,MM,,MM,96
2024,05,14,20,10,0.7,MM,MM,MM,MM,MM,MM,,MM,90
2024,05,14,20,00,0.7,MM,MM,MM,MM,MM,MM,,MM,86
2024,05,14,19,50,0.7,MM,MM,MM,MM,MM,MM,,MM,80
2024,05,14,19,40,0.7,MM,MM,MM,MM,MM,MM,,MM,77
2024,05,14,19,30,0.7,MM,MM,MM,MM,MM,MM,,MM,75
2024,05,14,19,20,0.7,MM,MM,MM,MM,MM,MM,,MM,70
2024,05,14,19,10,0.7,MM,MM,MM,MM,MM,MM,,MM,71
2024,05,14,19,00,0.7,MM,MM,MM,MM,MM,MM,,MM,74
2024,05,14,18,50,0.6,MM,MM,MM,MM,MM,MM,,MM,76
2024,05,14,18,40,0.6,MM,MM,MM,MM,MM,MM,,MM,73
2024,05,14,18,30,0.7,MM,MM,MM,MM,MM,MM,,MM,67
2024,05,14,18,20,0.7,MM,MM,MM,MM,MM,MM,,MM,61
2024,05,14,18,10,0.7,MM,MM,MM,MM,MM,MM,,MM,61
2024,05,14,18,00,0.6,MM,MM,MM,MM,MM,MM,,MM,65
2024,05,14,17,50,0.6,MM,MM,MM,MM,MM,MM,,MM,69
2024,05,14,17,40,0.7,MM,MM,MM,MM,MM,MM,,MM,74
2024,05,14,17,30,0.6,MM,MM,MM,MM,MM,MM,,MM,82
2024,05,14,17,20,0.6,MM,MM,MM,MM,MM,MM,,MM,92
2024,05,14,17,10,0.6,MM,MM,MM,MM,MM,MM,,MM,99
2024,05,14,17,00,0.5,MM,MM,MM,MM,MM,MM,,MM,104
2024,05,14,16,50,0.5,MM,MM,MM,MM,MM,MM,,MM,108
2024,05,14,16,40,0.6,MM,MM,MM,MM,MM,MM,,MM,110
2024,05,14,16,30,0.5,MM,MM,MM,MM,MM,MM,,MM,109
2024,05,14,16,20,0.5,MM,MM,MM,MM,MM,MM,,MM,99
2024,05,14,16,10,0.5,MM,MM,MM,MM,MM,MM,,MM,83
2024,05,14,16,00,0.5,MM,MM,MM,MM,MM,MM,,MM,70
2024,05,14,15,50,0.4,MM,MM,MM,MM,MM,MM,,MM,60
2024,05,14,15,40,0.5,MM,MM,MM,MM,MM,MM,,MM,53
2024,05,14,15,30,0.4,MM,MM,MM,MM,MM,MM,,MM,48
2024,05,14,15,20,0.4,MM,MM,MM,MM,MM,MM,,MM,45
2024,05,14,15,10,0.4,MM,MM,MM,MM,MM,MM,,MM,48
2024,05,14,15,00,0.4,MM,MM,MM,MM,MM,MM,,MM,56
2024,05,14,14,50,0.4,MM,MM,MM,MM,MM,MM,,MM,71
2024,05,14,14,40,0.4,MM,MM,MM,MM,MM,MM,,MM,88
2024,05,14,14,30,0.4,MM,MM,MM,MM,MM,MM,,MM,100
2024,05,14,14,20,0.4,MM,MM,MM,MM,MM,MM,,MM,112
2024,05,14,14,10,0.4,MM,MM,MM,MM,MM,MM,,MM,123
2024,05,14,14,00,0.4,MM,MM,MM,MM,MM,MM,,MM,135
2024,05,14,13,50,0.4,MM,MM,MM,MM,MM,MM,,MM,150
2024,05,14,13,40,0.3,MM,MM,MM,MM,MM,MM,,MM,158
2024,05,14,13,30,0.3,MM,MM,MM,MM,MM,MM,,MM,162
2024,05,14,13,20,0.3,MM,MM,MM,MM,MM,MM,,MM,163
2024,05,14,13,10,0.3,MM,MM,MM,MM,MM,MM,,MM,164
2024,05,14,13,00,0.2,MM,MM,MM,MM,MM,MM,,MM,154
2024,05,14,12,50,0.2,MM,MM,MM,MM,MM,MM,,MM,138
2024,05,14,12,40,0.2,MM,MM,MM,MM,MM,MM,,MM,127
2024,05,14,12,30,0.3,MM,MM,MM,MM,MM,MM,,MM,120
2024,05,14,12,20,0.2,MM,MM,MM,MM,MM,MM,,MM,110
2024,05,14,12,10,0.3,MM,MM,MM,MM,MM,MM,,MM,103
2024,05,14,12,00,0.3,MM,MM,MM,MM,MM,MM,,MM,101
2024,05,14,11,50,0.2,MM,MM,MM,MM,MM,MM,,MM,100
2024,05,14,11,40,0.3,MM,MM,MM,MM,MM,MM,,MM,104
2024,05,14,11,30,0.3,MM,MM,MM,MM,MM,MM,,MM,108
2024,05,14,11,20,0.3,MM,MM,MM,MM,MM,MM,,MM,107
2024,05,14,11,10,0.3,MM,MM,MM,MM,MM,MM,,MM,106
2024,05,14,11,00,0.3,MM,MM,MM,MM,MM,MM,,MM,107
2024,05,14,10,50,0.3,MM,MM,MM,MM,MM,MM,,MM,107
2024,05,14,10,40,0.3,MM,MM,MM,MM,MM,MM,,MM,106
2024,05,14,10,30,0.3,MM,MM,MM,MM,MM,MM,,MM,108
2024,05,14,10,20,0.3,MM,MM,MM,MM,MM,MM,,MM,113
2024,05,14,10,10,0.3,MM,MM,MM,MM,MM,MM,,MM,112
2024,05,14,10,00,0.3,MM,MM,MM,MM,MM,MM,,MM,112
2024,05,14,09,50,0.3,MM,MM,MM,MM,MM,MM,,MM,114
2024,05,14,09,40,0.3,MM,MM,MM,MM,MM,MM,,MM,118
2024,05,14,09,30,0.3,MM,MM,MM,MM,MM,MM,,MM,119
2024,05,14,09,20,0.3,MM,MM,MM,MM,MM,MM,,MM,120
2024,05,14,09,10,0.3,MM,MM,MM,MM,MM,MM,,MM,119
2024,05,14,09,00,0.3,MM,MM,MM,MM,MM,MM,,MM,119
2024,05,14,08,50,0.3,MM,MM,MM,MM,MM,MM,,MM,120
2024,05,14,08,40,0.4,MM,MM,MM,MM,MM,MM,,MM,116
2024,05,14,08,30,0.3,MM,MM,MM,MM,MM,MM,,MM,109
2024,05,14,08,20,0.4,MM,MM,MM,MM,MM,MM,,MM,104
2024,05,14,08,10,0.4,MM,MM,MM,MM,MM,MM,,MM,97
2024,05,14,08,00,0.4,MM,MM,MM,MM,MM,MM,,MM,95
2024,05,14,07,50,0.4,MM,MM,MM,MM,MM,MM,,MM,92
2024,05,14,07,40,0.4,MM,MM,MM,MM,MM,MM,,MM,89
2024,05,14,07,30,0.4,MM,MM,MM,MM,MM,MM,,MM,93
2024,05,14,07,20,0.5,MM,MM,MM,MM,MM,MM,,MM,91
2024,05,14,07,10,0.5,MM,MM,MM,MM,MM,MM,,MM,84
2024,05,14,07,00,0.5,MM,MM,MM,MM,MM,MM,,MM,84
2024,05,14,06,50,0.5,MM,MM,MM,MM,MM,MM,,MM,85
2024,05,14,06,40,0.5,MM,MM,MM,MM,MM,MM,,MM,83
2024,05,14,06,30,0.5,MM,MM,MM,MM,MM,MM,,MM,80
2024,05,14,06,20,0.5,MM,MM,MM,MM,MM,MM,,MM,78
2024,05,14,06,10,0.5,MM,MM,MM,MM,MM,MM,,MM,81
2024,05,14,06,00,0.5,MM,MM,MM,MM,MM,MM,,MM,87
2024,05,14,05,50,0.5,MM,MM,MM,MM,MM,MM,,MM,88
2024,05,14,05,40,0.5,MM,MM,MM,MM,MM,MM,,MM,88
2024,05,14,05,30,0.5,MM,MM,MM,MM,MM,MM,,MM,90
2024,05,14,05,20,0.5,MM,MM,MM,MM,MM,MM,,MM,95
2024,05,14,05,10,0.5,MM,MM,MM,MM,MM,MM,,MM,102
2024,05,14,05,00,0.5,MM,MM,MM,MM,MM,MM,,MM,105
2024,05,14,04,50,0.5,MM,MM,MM,MM,MM,MM,,MM,107
2024,05,14,04,40,0.5,MM,MM,MM,MM,MM,MM,,MM,109
2024,05,14,04,30,0.5,MM,MM,MM,MM,MM,MM,,MM,106
2024,05,14,04,20,0.5,MM,MM,MM,MM,MM,MM,,MM,106
2024,05,14,04,10,0.5,MM,MM,MM,MM,MM,MM,,MM,104
2024,05,14,04,00,0.5,MM,MM,MM,MM,MM,MM,,MM,99
2024,05,14,03,50,0.5,MM,MM,MM,MM,MM,MM,,MM,96
2024,05,14,03,40,0.5,MM,MM,MM,MM,MM,MM,,MM,97
2024,05,14,03,30,0.5,MM,MM,MM,MM,MM,MM,,MM,95
2024,05,14,03,20,0.4,MM,MM,MM,MM,MM,MM,,MM,90
2024,05,14,03,10,0.5,MM,MM,MM,MM,MM,MM,,MM,82
2024,05,14,03,00,0.4,MM,MM,MM,MM,MM,MM,,MM,82
2024,05,14,02,50,0.4,MM,MM,MM,MM,MM,MM,,MM,86
2024,05,14,02,40,0.4,MM,MM,MM,MM,MM,MM,,MM,90
2024,05,14,02,30,0.4,MM,MM,MM,MM,MM,MM,,MM,88
2024,05,14,02,20,0.3,MM,MM,MM,MM,MM,MM,,MM,86
2024,05,14,02,10,0.3,MM,MM,MM,MM,MM,MM,,MM,85
2024,05,14,02,00,0.3,MM,MM,MM,MM,MM,MM,,MM,86
2024,05,14,01,50,0.3,MM,MM,MM,MM,MM,MM,,MM,91
2024,05,14,01,40,0.3,MM,MM,MM,MM,MM,MM,,MM,96
2024,05,14,01,30,0.3,MM,MM,MM,MM,MM,MM,,MM,96
2024,05,14,01,20,0.3,MM,MM,MM,MM,MM,MM,,MM,100
2024,05,14,01,10,0.3,MM,MM,MM,MM,MM,MM,,MM,101
2024,05,14,01,00,0.3,MM,MM,MM,MM,MM,MM,,MM,96
2024,05,14,00,50,0.2,MM,MM,MM,MM,MM,MM,,MM,88
2024,05,14,00,40,0.3,MM,MM,MM,MM,MM,MM,,MM,84
2024,05,14,00,30,0.3,MM,MM,MM,MM,MM,MM,,MM,82
2024,05,14,00,20,0.3,MM,MM,MM,MM,MM,MM,,MM,84
2024,05,14,00,10,0.3,MM,MM,MM,MM,MM,MM,,MM,93
2024,05,14,00,00,0.3,MM,MM,MM,MM,MM,MM,,MM,104
2024,05,13,23,50,0.3,MM,MM,MM,MM,MM,MM,,MM,108
2024,05,13,23,40,0.3,MM,MM,MM,MM,MM,MM,,MM,111
2024,05,13,23,30,0.3,MM,MM,MM,MM,MM,MM,,MM,119
2024,05,13,23,20,0.3,MM,MM,MM,MM,MM,MM,,MM,130
2024,05,13,23,10,0.2,MM,MM,MM,MM,MM,MM,,MM,133
2024,05,13,23,00,0.2,MM,MM,MM,MM,MM,MM,,MM,128
2024,05,13,22,50,0.2,MM,MM,MM,MM,MM,MM,,MM,120
2024,05,13,22,40,0.2,MM,MM,MM,MM,MM,MM,,MM,119
2024,05,13,22,30,0.2,MM,MM,MM,MM,MM,MM,,MM,115
2024,05,13,22,20,0.2,MM,MM,MM,MM,MM,MM,,MM,113
2024,05,13,22,10,0.2,MM,MM,MM,MM,MM,MM,,MM,116
2024,05,13,22,00,0.2,MM,MM,MM,MM,MM,MM,,MM,111
2024,05,13,21,50,0.2,MM,MM,MM,MM,MM,MM,,MM,107
2024,05,13,21,40,0.2,MM,MM,MM,MM,MM,MM,,MM,110
2024,05,13,21,30,0.2,MM,MM,MM,MM,MM,MM,,MM,115
2024,05,13,21,20,0.2,MM,MM,MM,MM,MM,MM,,MM,120
2024,05,13,21,10,0.2,MM,MM,MM,MM,MM,MM,,MM,122
2024,05,13,21,00,0.2,MM,MM,MM,MM,MM,MM,,MM,120
2024,05,13,20,50,0.2,MM,MM,MM,MM,MM,MM,,MM,114
2024,05,13,20,40,0.2,MM,MM,MM,MM,MM,MM,,MM,115
2024,05,13,20,30,0.2,MM,MM,MM,MM,MM,MM,,MM,113
2024,05,13,20,20,0.2,MM,MM,MM,MM,MM,MM,,MM,110
2024,05,13,20,10,0.2,MM,MM,MM,MM,MM,MM,,MM,117
2024,05,13,20,00,0.2,MM,MM,MM,MM,MM,MM,,MM,115
2024,05,13,19,50,0.2,MM,MM,MM,MM,MM,MM,,MM,116
2024,05,13,19,40,0.1,MM,MM,MM,MM,MM,MM,,MM,110
2024,05,13,19,30,0.1,MM,MM,MM,MM,MM,MM,,MM,98
2024,05,13,19,20,0.1,MM,MM,MM,MM,MM,MM,,MM,77
2024,05,13,19,10,0.1,MM,MM,MM,MM,MM,MM,,MM,64
2024,05,13,19,00,0.1,MM,MM,MM,MM,MM,MM,,MM,55
2024,05,13,18,50,0.1,MM,MM,MM,MM,MM,MM,,MM,52
2024,05,13,18,40,0.0,MM,MM,MM,MM,MM,MM,,MM,55
2024,05,13,18,30,0.1,MM,MM,MM,MM,MM,MM,,MM,67
2024,05,13,18,20,0.1,MM,MM,MM,MM,MM,MM,,MM,84
2024,05,13,18,10,0.1,MM,MM,MM,MM,MM,MM,,MM,105
2024,05,13,18,00,0.1,MM,MM,MM,MM,MM,MM,,MM,121
2024,05,13,17,50,0.1,MM,MM,MM,MM,MM,MM,,MM,146
2024,05,13,17,40,0.0,MM,MM,MM,MM,MM,MM,,MM,166
2024,05,13,17,30,0.1,MM,MM,MM,MM,MM,MM,,MM,183
2024,05,13,17,20,0.1,MM,MM,MM,MM,MM,MM,,MM,202
2024,05,13,17,10,0.0,MM,MM,MM,MM,MM,MM,,MM,220
2024,05,13,17,00,0.0,MM,MM,MM,MM,MM,MM,,MM,242
2024,05,13,16,50,0.0,MM,MM,MM,MM,MM,MM,,MM,272
2024,05,13,16,40,0.1,MM,MM,MM,MM,MM,MM,,MM,283
2024,05,13,16,30,0.1,MM,MM,MM,MM,MM,MM,,MM,306
2024,05,13,16,20,0.1,MM,MM,MM,MM,MM,MM,,MM,335
2024,05,13,16,10,0.1,MM,MM,MM,MM,MM,MM,,MM,354
2024,05,13,16,00,0.1,MM,MM,MM,MM,MM,MM,,MM,76
2024,05,13,15,50,0.1,MM,MM,MM,MM,MM,MM,,MM,22
2024,05,13,15,40,0.1,MM,MM,MM,MM,MM,MM,,MM,64
2024,05,13,15,30,0.1,MM,MM,MM,MM,MM,MM,,MM,83
2024,05,13,15,20,0.1,MM,MM,MM,MM,MM,MM,,MM,95
2024,05,13,15,10,0.1,MM,MM,MM,MM,MM,MM,,MM,105
2024,05,13,15,00,0.1,MM,MM,MM,MM,MM,MM,,MM,120
2024,05,13,14,50,0.1,MM,MM,MM,MM,MM,MM,,MM,197
2024,05,13,14,40,0.1,MM,MM,MM,MM,MM,MM,,MM,242
2024,05,13,14,30,0.2,MM,MM,MM,MM,MM,MM,,MM,167
2024,05,13,14,20,0.1,MM,MM,MM,MM,MM,MM,,MM,140
2024,05,13,14,10,0.1,MM,MM,MM,MM,MM,MM,,MM,140
2024,05,13,14,00,0.1,MM,MM,MM,MM,MM,MM,,MM,241
2024,05,13,13,50,0.1,MM,MM,MM,MM,MM,MM,,MM,166
2024,05,13,13,40,0.0,MM,MM,MM,MM,MM,MM,,MM,142
2024,05,13,13,30,0.1,MM,MM,MM,MM,MM,MM,,MM,140
2024,05,13,13,20,0.1,MM,MM,MM,MM,MM,MM,,MM,141
2024,05,13,13,10,0.1,MM,MM,MM,MM,MM,MM,,MM,135
2024,05,13,13,00,0.1,MM,MM,MM,MM,MM,MM,,MM,123
2024,05,13,12,50,0.1,MM,MM,MM,MM,MM,MM,,MM,100
2024,05,13,12,40,0.1,MM,MM,MM,MM,MM,MM,,MM,67
2024,05,13,12,30,0.1,MM,MM,MM,MM,MM,MM,,MM,37
2024,05,13,12,20,0.1,MM,MM,MM,MM,MM,MM,,MM,16
2024,05,13,12,10,0.1,MM,MM,MM,MM,MM,MM,,MM,280
2024,05,13,12,00,0.1,MM,MM,MM,MM,MM,MM,,MM,337
2024,05,13,11,50,0.1,MM,MM,MM,MM,MM,MM,,MM,309
2024,05,13,11,40,0.1,MM,MM,MM,MM,MM,MM,,MM,320
2024,05,13,11,30,0.1,MM,MM,MM,MM,MM,MM,,MM,326
2024,05,13,11,20,0.1,MM,MM,MM,MM,MM,MM,,MM,328
2024,05,13,11,10,0.1,MM,MM,MM,MM,MM,MM,,MM,330
2024,05,13,11,00,0.1,MM,MM,MM,MM,MM,MM,,MM,325
2024,05,13,10,50,0.1,MM,MM,MM,MM,MM,MM,,MM,334
2024,05,13,10,40,0.1,MM,MM,MM,MM,MM,MM,,MM,338
2024,05,13,10,30,0.1,MM,MM,MM,MM,MM,MM,,MM,102
2024,05,13,10,20,0.1,MM,MM,MM,MM,MM,MM,,MM,116
2024,05,13,10,10,0.1,MM,MM,MM,MM,MM,MM,,MM,177
2024,05,13,10,00,0.1,MM,MM,MM,MM,MM,MM,,MM,247
2024,05,13,09,50,0.1,MM,MM,MM,MM,MM,MM,,MM,288
2024,05,13,09,40,0.1,MM,MM,MM,MM,MM,MM,,MM,332
2024,05,13,09,30,0.1,MM,MM,MM,MM,MM,MM,,MM,123
2024,05,13,09,20,0.0,MM,MM,MM,MM,MM,MM,,MM,146
2024,05,13,09,10,0.0,MM,MM,MM,MM,MM,MM,,MM,139
2024,05,13,09,00,0.0,MM,MM,MM,MM,MM,MM,,MM,234
2024,05,13,08,50,0.0,MM,MM,MM,MM,MM,MM,,MM,280
2024,05,13,08,40,0.0,MM,MM,MM,MM,MM,MM,,MM,289
2024,05,13,08,30,0.0,MM,MM,MM,MM,MM,MM,,MM,319
2024,05,13,08,20,0.0,MM,MM,MM,MM,MM,MM,,MM,76
2024,05,13,08,10,0.0,MM,MM,MM,MM,MM,MM,,MM,47
2024,05,13,08,00,0.0,MM,MM,MM,MM,MM,MM,,MM,107
2024,05,13,07,50,0.0,MM,MM,MM,MM,MM,MM,,MM,168
2024,05,13,07,40,0.0,MM,MM,MM,MM,MM,MM,,MM,228
2024,05,13,07,30,0.0,MM,MM,MM,MM,MM,MM,,MM,274
2024,05,13,07,20,0.0,MM,MM,MM,MM,MM,MM,,MM,331
2024,05,13,07,10,0.0,MM,MM,MM,MM,MM,MM,,MM,64
2024,05,13,07,00,0.0,MM,MM,MM,MM,MM,MM,,MM,83
2024,05,13,06,50,0.0,MM,MM,MM,MM,MM,MM,,MM,134
2024,05,13,06,40,0.0,MM,MM,MM,MM,MM,MM,,MM,189
2024,05,13,06,30,0.0,MM,MM,MM,MM,MM,MM,,MM,246
2024,05,13,06,20,0.0,MM,MM,MM,MM,MM,MM,,MM,303
2024,05,13,06,10,0.0,MM,MM,MM,MM,MM,MM,,MM,349
2024,05,13,06,00,0.0,MM,MM,MM,MM,MM,MM,,MM,76
2024,05,13,05,50,0.0,MM,MM,MM,MM,MM,MM,,MM,90
2024,05,13,05,40,0.0,MM,MM,MM,MM,MM,MM,,MM,144
2024,05,13,05,30,0.0,MM,MM,MM,MM,MM,MM,,MM,210
2024,05,13,05,20,0.1,MM,MM,MM,MM,MM,MM,,MM,222
2024,05,13,05,10,0.1,MM,MM,MM,MM,MM,MM,,MM,296
2024,05,13,05,00,0.1,MM,MM,MM,MM,MM,MM,,MM,35
2024,05,13,04,50,0.1,MM,MM,MM,MM,MM,MM,,MM,51
2024,05,13,04,40,0.1,MM,MM,MM,MM,MM,MM,,MM,125
2024,05,13,04,30,0.1,MM,MM,MM,MM,MM,MM,,MM,196
2024,05,13,04,20,0.1,MM,MM,MM,MM,MM,MM,,MM,270
2024,05,13,04,10,0.1,MM,MM,MM,MM,MM,MM,,MM,297
2024,05,13,04,00,0.1,MM,MM,MM,MM,MM,MM,,MM,63
2024,05,13,03,50,0.0,MM,MM,MM,MM,MM,MM,,MM,80
2024,05,13,03,40,0.0,MM,MM,MM,MM,MM,MM,,MM,158
2024,05,13,03,30,0.0,MM,MM,MM,MM,MM,MM,,MM,225
2024,05,13,03,20,0.0,MM,MM,MM,MM,MM,MM,,MM,253
2024,05,13,03,10,0.1,MM,MM,MM,MM,MM,MM,,MM,321
2024,05,13,03,00,0.0,MM,MM,MM,MM,MM,MM,,MM,50
2024,05,13,02,50,0.0,MM,MM,MM,MM,MM,MM,,MM,67
2024,05,13,02,40,0.0,MM,MM,MM,MM,MM,MM,,MM,117
2024,05,13,02,30,0.0,MM,MM,MM,MM,MM,MM,,MM,164
2024,05,13,02,20,0.0,MM,MM,MM,MM,MM,MM,,MM,222
2024,05,13,02,10,0.0,MM,MM,MM,MM,MM,MM,,MM,275
2024,05,13,02,00,0.0,MM,MM,MM,MM,MM,MM,,MM,334
2024,05,13,01,50,0.0,MM,MM,MM,MM,MM,MM,,MM,60
2024,05,13,01,40,0.1,MM,MM,MM,MM,MM,MM,,MM,84
2024,05,13,01,30,0.1,MM,MM,MM,MM,MM,MM,,MM,136
2024,05,13,01,20,0.1,MM,MM,MM,MM,MM,MM,,MM,184
2024,05,13,01,10,0.1,MM,MM,MM,MM,MM,MM,,MM,39
2024,05,13,01,00,0.1,MM,MM,MM,MM,MM,MM,,MM,62
2024,05,13,00,50,0.1,MM,MM,MM,MM,MM,MM,,MM,99
2024,05,13,00,40,0.1,MM,MM,MM,MM,MM,MM,,MM,135
2024,05,13,00,30,0.1,MM,MM,MM,MM,MM,MM,,MM,166
2024,05,13,00,20,0.1,MM,MM,MM,MM,MM,MM,,MM,163
2024,05,13,00,10,0.1,MM,MM,MM,MM,MM,MM,,MM,235
2024,05,13,00,00,0.1,MM,MM,MM,MM,MM,MM,,MM,34
2024,05,12,23,50,0.1,MM,MM,MM,MM,MM,MM,,MM,57
2024,05,12,23,40,0.1,MM,MM,MM,MM,MM,MM,,MM,118
2024,05,12,23,30,0.1,MM,MM,MM,MM,MM,MM,,MM,173
2024,05,12,23,20,0.1,MM,MM,MM,MM,MM,MM,,MM,216
2024,05,12,23,10,0.1,MM,MM,MM,MM,MM,MM,,MM,267
2024,05,12,23,00,0.1,MM,MM,MM,MM,MM,MM,,MM,328
2024,05,12,22,50,0.1,MM,MM,MM,MM,MM,MM,,MM,55
2024,05,12,22,40,0.1,MM,MM,MM,MM,MM,MM,,MM,78
2024,05,12,22,30,0.1,MM,MM,MM,MM,MM,MM,,MM,143
2024,05,12,22,20,0.1,MM,MM,MM,MM,MM,MM,,MM,181
2024,05,12,22,10,0.1,MM,MM,MM,MM,MM,MM,,MM,230
2024,05,12,22,00,0.1,MM,MM,MM,MM,MM,MM,,MM,265
2024,05,12,21,50,0.1,MM,MM,MM,MM,MM,MM,,MM,320
2024,05,12,21,40,0.1,MM,MM,MM,MM,MM,MM,,MM,54
2024,05,12,21,30,0.1,MM,MM,MM,MM,MM,MM,,MM,67
2024,05,12,21,20,0.1,MM,MM,MM,MM,MM,MM,,MM,140
2024,05,12,21,10,0.1,MM,MM,MM,MM,MM,MM,,MM,192
2024,05,12,21,00,0.1,MM,MM,MM,MM,MM,MM,,MM,264
2024,05,12,20,50,0.1,MM,MM,MM,MM,MM,MM,,MM,290
2024,05,12,20,40,0.1,MM,MM,MM,MM,MM,MM,,MM,343
2024,05,12,20,30,0.1,MM,MM,MM,MM,MM,MM,,MM,34
2024,05,12,20,20,0.1,MM,MM,MM,MM,MM,MM,,MM,85
2024,05,12,20,10,0.1,MM,MM,MM,MM,MM,MM,,MM,164
2024,05,12,20,00,0.1,MM,MM,MM,MM,MM,MM,,MM,217
2024,05,12,19,50,0.1,MM,MM,MM,MM,MM,MM,,MM,289
2024,05,12,19,40,0.1,MM,MM,MM,MM,MM,MM,,MM,300
2024,05,12,19,30,0.0,MM,MM,MM,MM,MM,MM,,MM,194
2024,05,12,19,20,0.0,MM,MM,MM,MM,MM,MM,,MM,220
2024,05,12,19,10,0.1,MM,MM,MM,MM,MM,MM,,MM,220
2024,05,12,19,00,0.1,MM,MM,MM,MM,MM,MM,,MM,281
2024,05,12,18,50,0.0,MM,MM,MM,MM,MM,MM,,MM,345
2024,05,12,18,40,0.1,MM,MM,MM,MM,MM,MM,,MM,109
2024,05,12,18,30,0.1,MM,MM,MM,MM,MM,MM,,MM,127
2024,05,12,18,20,0.1,MM,MM,MM,MM,MM,MM,,MM,224
2024,05,12,18,10,0.1,MM,MM,MM,MM,MM,MM,,MM,325
2024,05,12,18,00,0.1,MM,MM,MM,MM,MM,MM,,MM,342
2024,05,12,17,50,0.1,MM,MM,MM,MM,MM,MM,,MM,14
2024,05,12,17,40,0.1,MM,MM,MM,MM,MM,MM,,MM,67
2024,05,12,17,30,0.1,MM,MM,MM,MM,MM,MM,,MM,110
2024,05,12,17,20,0.1,MM,MM,MM,MM,MM,MM,,MM,160
2024,05,12,17,10,0.1,MM,MM,MM,MM,MM,MM,,MM,204
2024,05,12,17,00,0.1,MM,MM,MM,MM,MM,MM,,MM,243
2024,05,12,16,50,0.1,MM,MM,MM,MM,MM,MM,,MM,293
2024,05,12,16,40,0.1,MM,MM,MM,MM,MM,MM,,MM,213
2024,05,12,16,30,0.1,MM,MM,MM,MM,MM,MM,,MM,293
2024,05,12,16,20,0.1,MM,MM,MM,MM,MM,MM,,MM,37
2024,05,12,16,10,0.1,MM,MM,MM,MM,MM,MM,,MM,143
2024,05,12,16,00,0.1,MM,MM,MM,MM,MM,MM,,MM,30
2024,05,12,15,50,0.1,MM,MM,MM,MM,MM,MM,,MM,81
2024,05,12,15,40,0.1,MM,MM,MM,MM,MM,MM,,MM,141
2024,05,12,15,30,0.1,MM,MM,MM,MM,MM,MM,,MM,182
2024,05,12,15,20,0.1,MM,MM,MM,MM,MM,MM,,MM,216
2024,05,12,15,10,0.1,MM,MM,MM,MM,MM,MM,,MM,247
2024,05,12,15,00,0.1,MM,MM,MM,MM,MM,MM,,MM,290
2024,05,12,14,50,0.1,MM,MM,MM,MM,MM,MM,,MM,326
2024,05,12,14,40,0.1,MM,MM,MM,MM,MM,MM,,MM,360
2024,05,12,14,30,0.1,MM,MM,MM,MM,MM,MM,,MM,33
2024,05,12,14,20,0.1,MM,MM,MM,MM,MM,MM,,MM,70
2024,05,12,14,10,0.1,MM,MM,MM,MM,MM,MM,,MM,122
2024,05,12,14,00,0.1,MM,MM,MM,MM,MM,MM,,MM,157
2024,05,12,13,50,0.1,MM,MM,MM,MM,MM,MM,,MM,197
2024,05,12,13,40,0.1,MM,MM,MM,MM,MM,MM,,MM,232
2024,05,12,13,30,0.1,MM,MM,MM,MM,MM,MM,,MM,257
2024,05,12,13,20,0.1,MM,MM,MM,MM,MM,MM,,MM,289
2024,05,12,13,10,0.1,MM,MM,MM,MM,MM,MM,,MM,316
2024,05,12,13,00,0.1,MM,MM,MM,MM,MM,MM,,MM,9
2024,05,12,12,50,0.1,MM,MM,MM,MM,MM,MM,,MM,46
2024,05,12,12,40,0.1,MM,MM,MM,MM,MM,MM,,MM,118
2024,05,12,12,30,0.1,MM,MM,MM,MM,MM,MM,,MM,168
2024,05,12,12,20,0.2,MM,MM,MM,MM,MM,MM,,MM,193
2024,05,12,12,10,0.1,MM,MM,MM,MM,MM,MM,,MM,222
2024,05,12,12,00,0.1,MM,MM,MM,MM,MM,MM,,MM,274
2024,05,12,11,50,0.1,MM,MM,MM,MM,MM,MM,,MM,312
2024,05,12,11,40,0.1,MM,MM,MM,MM,MM,MM,,MM,347
2024,05,12,11,30,0.1,MM,MM,MM,MM,MM,MM,,MM,21
2024,05,12,11,20,0.1,MM,MM,MM,MM,MM,MM,,MM,69
2024,05,12,11,10,0.1,MM,MM,MM,MM,MM,MM,,MM,109
2024,05,12,11,00,0.2,MM,MM,MM,MM,MM,MM,,MM,143
2024,05,12,10,50,0.2,MM,MM,MM,MM,MM,MM,,MM,168
2024,05,12,10,40,0.2,MM,MM,MM,MM,MM,MM,,MM,195
2024,05,12,10,30,0.2,MM,MM,MM,MM,MM,MM,,MM,206
2024,05,12,10,20,0.1,MM,MM,MM,MM,MM,MM,,MM,188
2024,05,12,10,10,0.1,MM,MM,MM,MM,MM,MM,,MM,192
2024,05,12,10,00,0.1,MM,MM,MM,MM,MM,MM,,MM,212
2024,05,12,09,50,0.1,MM,MM,MM,MM,MM,MM,,MM,247
2024,05,12,09,40,0.1,MM,MM,MM,MM,MM,MM,,MM,255
2024,05,12,09,30,0.1,MM,MM,MM,MM,MM,MM,,MM,268
2024,05,12,09,20,0.1,MM,MM,MM,MM,MM,MM,,MM,282
2024,05,12,09,10,0.1,MM,MM,MM,MM,MM,MM,,MM,299
2024,05,12,09,00,0.1,MM,MM,MM,MM,MM,MM,,MM,291
2024,05,12,08,50,0.1,MM,MM,MM,MM,MM,MM,,MM,303
2024,05,12,08,40,0.1,MM,MM,MM,MM,MM,MM,,MM,315
2024,05,12,08,30,0.1,MM,MM,MM,MM,MM,MM,,MM,319
2024,05,12,08,20,0.1,MM,MM,MM,MM,MM,MM,,MM,324
2024,05,12,08,10,0.1,MM,MM,MM,MM,MM,MM,,MM,323
2024,05,12,08,00,0.1,MM,MM,MM,MM,MM,MM,,MM,326
2024,05,12,07,50,0.1,MM,MM,MM,MM,MM,MM,,MM,322
2024,05,12,07,40,0.1,MM,MM,MM,MM,MM,MM,,MM,319
2024,05,12,07,30,0.1,MM,MM,MM,MM,MM,MM,,MM,315
2024,05,12,07,20,0.1,MM,MM,MM,MM,MM,MM,,MM,303
2024,05,12,07,10,0.1,MM,MM,MM,MM,MM,MM,,MM,300
2024,05,12,07,00,0.1,MM,MM,MM,MM,MM,MM,,MM,294
2024,05,12,06,50,0.1,MM,MM,MM,MM,MM,MM,,MM,286
2024,05,12,06,40,0.1,MM,MM,MM,MM,MM,MM,,MM,277
2024,05,12,06,30,0.1,MM,MM,MM,MM,MM,MM,,MM,262
2024,05,12,06,20,0.1,MM,MM,MM,MM,MM,MM,,MM,242
2024,05,12,06,10,0.1,MM,MM,MM,MM,MM,MM,,MM,227
2024,05,12,06,00,0.1,MM,MM,MM,MM,MM,MM,,MM,208
2024,05,12,05,50,0.1,MM,MM,MM,MM,MM,MM,,MM,206
2024,05,12,05,40,0.1,MM,MM,MM,MM,MM,MM,,MM,186
2024,05,12,05,30,0.1,MM,MM,MM,MM,MM,MM,,MM,178
2024,05,12,05,20,0.1,MM,MM,MM,MM,MM,MM,,MM,175
2024,05,12,05,10,0.1,MM,MM,MM,MM,MM,MM,,MM,173
2024,05,12,05,00,0.1,MM,MM,MM,MM,MM,MM,,MM,160
2024,05,12,04,50,0.1,MM,MM,MM,MM,MM,MM,,MM,123
2024,05,12,04,40,0.1,MM,MM,MM,MM,MM,MM,,MM,114
2024,05,12,04,30,0.1,MM,MM,MM,MM,MM,MM,,MM,114
2024,05,12,04,20,0.1,MM,MM,MM,MM,MM,MM,,MM,90
2024,05,12,04,10,0.1,MM,MM,MM,MM,MM,MM,,MM,70
2024,05,12,04,00,0.1,MM,MM,MM,MM,MM,MM,,MM,75
2024,05,12,03,50,0.1,MM,MM,MM,MM,MM,MM,,MM,83
2024,05,12,03,40,0.1,MM,MM,MM,MM,MM,MM,,MM,82
2024,05,12,03,30,0.1,MM,MM,MM,MM,MM,MM,,MM,87
2024,05,12,03,20,0.1,MM,MM,MM,MM,MM,MM,,MM,97
2024,05,12,03,10,0.1,MM,MM,MM,MM,MM,MM,,MM,104
2024,05,12,03,00,0.1,MM,MM,MM,MM,MM,MM,,MM,119
2024,05,12,02,50,0.1,MM,MM,MM,MM,MM,MM,,MM,122
2024,05,12,02,40,0.1,MM,MM,MM,MM,MM,MM,,MM,132
2024,05,12,02,30,0.1,MM,MM,MM,MM,MM,MM,,MM,140
2024,05,12,02,20,0.1,MM,MM,MM,MM,MM,MM,,MM,139
2024,05,12,02,10,0.1,MM,MM,MM,MM,MM,MM,,MM,141
2024,05,12,02,00,0.1,MM,MM,MM,MM,MM,MM,,MM,140
2024,05,12,01,50,0.1,MM,MM,MM,MM,MM,MM,,MM,140
2024,05,12,01,40,0.1,MM,MM,MM,MM,MM,MM,,MM,142
2024,05,12,01,30,0.1,MM,MM,MM,MM,MM,MM,,MM,140
2024,05,12,01,20,0.1,MM,MM,MM,MM,MM,MM,,MM,129
2024,05,12,01,10,0.1,MM,MM,MM,MM,MM,MM,,MM,116
2024,05,12,01,00,0.0,MM,MM,MM,MM,MM,MM,,MM,104
2024,05,12,00,50,0.0,MM,MM,MM,MM,MM,MM,,MM,87
2024,05,12,00,40,0.0,MM,MM,MM,MM,MM,MM,,MM,59
2024,05,12,00,30,0.0,MM,MM,MM,MM,MM,MM,,MM,124
2024,05,12,00,20,0.0,MM,MM,MM,MM,MM,MM,,MM,173
2024,05,12,00,10,0.1,MM,MM,MM,MM,MM,MM,,MM,193
2024,05,12,00,00,0.0,MM,MM,MM,MM,MM,MM,,MM,197
2024,05,11,23,50,0.0,MM,MM,MM,MM,MM,MM,,MM,127
2024,05,11,23,40,0.0,MM,MM,MM,MM,MM,MM,,MM,122
2024,05,11,23,30,0.0,MM,MM,MM,MM,MM,MM,,MM,141
2024,05,11,23,20,0.0,MM,MM,MM,MM,MM,MM,,MM,169
2024,05,11,23,10,0.0,MM,MM,MM,MM,MM,MM,,MM,179
2024,05,11,23,00,0.0,MM,MM,MM,MM,MM,MM,,MM,164
2024,05,11,22,50,0.0,MM,MM,MM,MM,MM,MM,,MM,168
2024,05,11,22,40,0.0,MM,MM,MM,MM,MM,MM,,MM,199
2024,05,11,22,30,0.1,MM,MM,MM,MM,MM,MM,,MM,260
2024,05,11,22,20,0.1,MM,MM,MM,MM,MM,MM,,MM,244
2024,05,11,22,10,0.1,MM,MM,MM,MM,MM,MM,,MM,204
2024,05,11,22,00,0.1,MM,MM,MM,MM,MM,MM,,MM,122
2024,05,11,21,50,0.1,MM,MM,MM,MM,MM,MM,,MM,102
2024,05,11,21,40,0.1,MM,MM,MM,MM,MM,MM,,MM,93
2024,05,11,21,30,0.1,MM,MM,MM,MM,MM,MM,,MM,96
2024,05,11,21,20,0.1,MM,MM,MM,MM,MM,MM,,MM,213
2024,05,11,21,10,0.1,MM,MM,MM,MM,MM,MM,,MM,127
2024,05,11,21,00,0.1,MM,MM,MM,MM,MM,MM,,MM,138
2024,05,11,20,50,0.1,MM,MM,MM,MM,MM,MM,,MM,142
2024,05,11,20,40,0.1,MM,MM,MM,MM,MM,MM,,MM,137
2024,05,11,20,30,0.1,MM,MM,MM,MM,MM,MM,,MM,139
2024,05,11,20,20,0.1,MM,MM,MM,MM,MM,MM,,MM,138
2024,05,11,20,10,0.1,MM,MM,MM,MM,MM,MM,,MM,145
2024,05,11,20,00,0.1,MM,MM,MM,MM,MM,MM,,MM,141
2024,05,11,19,50,0.1,MM,MM,MM,MM,MM,MM,,MM,140
2024,05,11,19,40,0.1,MM,MM,MM,MM,MM,MM,,MM,136
2024,05,11,19,30,0.1,MM,MM,MM,MM,MM,MM,,MM,131
2024,05,11,19,20,0.2,MM,MM,MM,MM,MM,MM,,MM,135
2024,05,11,19,10,0.2,MM,MM,MM,MM,MM,MM,,MM,139
2024,05,11,19,00,0.1,MM,MM,MM,MM,MM,MM,,MM,139
2024,05,11,18,50,0.1,MM,MM,MM,MM,MM,MM,,MM,137
2024,05,11,18,40,0.1,MM,MM,MM,MM,MM,MM,,MM,141
2024,05,11,18,30,0.1,MM,MM,MM,MM,MM,MM,,MM,133
2024,05,11,18,20,0.1,MM,MM,MM,MM,MM,MM,,MM,134
2024,05,11,18,10,0.1,MM,MM,MM,MM,MM,MM,,MM,147
2024,05,11,18,00,0.1,MM,MM,MM,MM,MM,MM,,MM,132
2024,05,11,17,50,0.1,MM,MM,MM,MM,MM,MM,,MM,113
2024,05,11,17,40,0.1,MM,MM,MM,MM,MM,MM,,MM,152
2024,05,11,17,30,0.1,MM,MM,MM,MM,MM,MM,,MM,172
2024,05,11,17,20,0.1,MM,MM,MM,MM,MM,MM,,MM,168
2024,05,11,17,10,0.1,MM,MM,MM,MM,MM,MM,,MM,156
2024,05,11,17,00,0.1,MM,MM,MM,MM,MM,MM,,MM,128
2024,05,11,16,50,0.1,MM,MM,MM,MM,MM,MM,,MM,146
2024,05,11,16,40,0.1,MM,MM,MM,MM,MM,MM,,MM,175
2024,05,11,16,30,0.1,MM,MM,MM,MM,MM,MM,,MM,170
2024,05,11,16,20,0.1,MM,MM,MM,MM,MM,MM,,MM,167
2024,05,11,16,10,0.1,MM,MM,MM,MM,MM,MM,,MM,131
2024,05,11,16,00,0.1,MM,MM,MM,MM,MM,MM,,MM,158
2024,05,11,15,50,0.1,MM,MM,MM,MM,MM,MM,,MM,167
2024,05,11,15,40,0.1,MM,MM,MM,MM,MM,MM,,MM,172
2024,05,11,15,30,0.1,MM,MM,MM,MM,MM,MM,,MM,174
2024,05,11,15,20,0.1,MM,MM,MM,MM,MM,MM,,MM,180
2024,05,11,15,10,0.1,MM,MM,MM,MM,MM,MM,,MM,183
2024,05,11,15,00,0.1,MM,MM,MM,MM,MM,MM,,MM,182
2024,05,11,14,50,0.1,MM,MM,MM,MM,MM,MM,,MM,175
2024,05,11,14,40,0.1,MM,MM,MM,MM,MM,MM,,MM,164
2024,05,11,14,30,0.1,MM,MM,MM,MM,MM,MM,,MM,149
2024,05,11,14,20,0.1,MM,MM,MM,MM,MM,MM,,MM,144
2024,05,11,14,10,0.0,MM,MM,MM,MM,MM,MM,,MM,150
2024,05,11,14,00,0.1,MM,MM,MM,MM,MM,MM,,MM,156
2024,05,11,13,50,0.0,MM,MM,MM,MM,MM,MM,,MM,139
2024,05,11,13,40,0.1,MM,MM,MM,MM,MM,MM,,MM,98
2024,05,11,13,30,0.0,MM,MM,MM,MM,MM,MM,,MM,112
2024,05,11,13,20,0.0,MM,MM,MM,MM,MM,MM,,MM,137
2024,05,11,13,10,0.0,MM,MM,MM,MM,MM,MM,,MM,138
2024,05,11,13,00,0.0,MM,MM,MM,MM,MM,MM,,MM,143
2024,05,11,12,50,0.0,MM,MM,MM,MM,MM,MM,,MM,102
2024,05,11,12,40,0.1,MM,MM,MM,MM,MM,MM,,MM,112
2024,05,11,12,30,0.0,MM,MM,MM,MM,MM,MM,,MM,185
2024,05,11,12,20,0.1,MM,MM,MM,MM,MM,MM,,MM,174
2024,05,11,12,10,0.1,MM,MM,MM,MM,MM,MM,,MM,189
2024,05,11,12,00,0.1,MM,MM,MM,MM,MM,MM,,MM,224
2024,05,11,11,50,0.1,MM,MM,MM,MM,MM,MM,,MM,209
2024,05,11,11,40,0.1,MM,MM,MM,MM,MM,MM,,MM,282
2024,05,11,11,30,0.1,MM,MM,MM,MM,MM,MM,,MM,285
2024,05,11,11,20,0.1,MM,MM,MM,MM,MM,MM,,MM,309
2024,05,11,11,10,0.1,MM,MM,MM,MM,MM,MM,,MM,194
2024,05,11,11,00,0.1,MM,MM,MM,MM,MM,MM,,MM,118
2024,05,11,10,50,0.1,MM,MM,MM,MM,MM,MM,,MM,249
2024,05,11,10,40,0.1,MM,MM,MM,MM,MM,MM,,MM,25
2024,05,11,10,30,0.1,MM,MM,MM,MM,MM,MM,,MM,36
2024,05,11,10,20,0.1,MM,MM,MM,MM,MM,MM,,MM,54
2024,05,11,10,10,0.1,MM,MM,MM,MM,MM,MM,,MM,65
2024,05,11,10,00,0.1,MM,MM,MM,MM,MM,MM,,MM,77
2024,05,11,09,50,0.1,MM,MM,MM,MM,MM,MM,,MM,93
2024,05,11,09,40,0.1,MM,MM,MM,MM,MM,MM,,MM,106
2024,05,11,09,30,0.1,MM,MM,MM,MM,MM,MM,,MM,124
2024,05,11,09,20,0.1,MM,MM,MM,MM,MM,MM,,MM,159
2024,05,11,09,10,0.1,MM,MM,MM,MM,MM,MM,,MM,206
2024,05,11,09,00,0.1,MM,MM,MM,MM,MM,MM,,MM,221
2024,05,11,08,50,0.0,MM,MM,MM,MM,MM,MM,,MM,231
2024,05,11,08,40,0.0,MM,MM,MM,MM,MM,MM,,MM,254
2024,05,11,08,30,0.0,MM,MM,MM,MM,MM,MM,,MM,286
2024,05,11,08,20,0.0,MM,MM,MM,MM,MM,MM,,MM,308
2024,05,11,08,10,0.0,MM,MM,MM,MM,MM,MM,,MM,227
2024,05,11,08,00,0.0,MM,MM,MM,MM,MM,MM,,MM,9
2024,05,11,07,50,0.0,MM,MM,MM,MM,MM,MM,,MM,41
2024,05,11,07,40,0.0,MM,MM,MM,MM,MM,MM,,MM,75
2024,05,11,07,30,0.0,MM,MM,MM,MM,MM,MM,,MM,104
2024,05,11,07,20,0.0,MM,MM,MM,MM,MM,MM,,MM,128
2024,05,11,07,10,0.0,MM,MM,MM,MM,MM,MM,,MM,135
2024,05,11,07,00,0.0,MM,MM,MM,MM,MM,MM,,MM,146
2024,05,11,06,50,0.0,MM,MM,MM,MM,MM,MM,,MM,169
2024,05,11,06,40,0.0,MM,MM,MM,MM,MM,MM,,MM,198
2024,05,11,06,30,0.0,MM,MM,MM,MM,MM,MM,,MM,222
2024,05,11,06,20,0.0,MM,MM,MM,MM,MM,MM,,MM,256
2024,05,11,06,10,0.0,MM,MM,MM,MM,MM,MM,,MM,267
2024,05,11,06,00,0.0,MM,MM,MM,MM,MM,MM,,MM,294
2024,05,11,05,50,0.0,MM,MM,MM,MM,MM,MM,,MM,319
2024,05,11,05,40,0.0,MM,MM,MM,MM,MM,MM,,MM,241
2024,05,11,05,30,0.0,MM,MM,MM,MM,MM,MM,,MM,14
2024,05,11,05,20,0.0,MM,MM,MM,MM,MM,MM,,MM,49
2024,05,11,05,10,0.0,MM,MM,MM,MM,MM,MM,,MM,78
2024,05,11,05,00,0.1,MM,MM,MM,MM,MM,MM,,MM,149
2024,05,11,04,50,0.1,MM,MM,MM,MM,MM,MM,,MM,201
2024,05,11,04,40,0.1,MM,MM,MM,MM,MM,MM,,MM,223
2024,05,11,04,30,0.1,MM,MM,MM,MM,MM,MM,,MM,252
2024,05,11,04,20,0.1,MM,MM,MM,MM,MM,MM,,MM,279
2024,05,11,04,10,0.1,MM,MM,MM,MM,MM,MM,,MM,297
2024,05,11,04,00,0.1,MM,MM,MM,MM,MM,MM,,MM,318
2024,05,11,03,50,0.1,MM,MM,MM,MM,MM,MM,,MM,201
2024,05,11,03,40,0.1,MM,MM,MM,MM,MM,MM,,MM,10
2024,05,11,03,30,0.1,MM,MM,MM,MM,MM,MM,,MM,25
2024,05,11,03,20,0.1,MM,MM,MM,MM,MM,MM,,MM,32
2024,05,11,03,10,0.1,MM,MM,MM,MM,MM,MM,,MM,29
2024,05,11,03,00,0.1,MM,MM,MM,MM,MM,MM,,MM,56
2024,05,11,02,50,0.1,MM,MM,MM,MM,MM,MM,,MM,102
2024,05,11,02,40,0.1,MM,MM,MM,MM,MM,MM,,MM,122
2024,05,11,02,30,0.1,MM,MM,MM,MM,MM,MM,,MM,175
2024,05,11,02,20,0.2,MM,MM,MM,MM,MM,MM,,MM,231
2024,05,11,02,10,0.1,MM,MM,MM,MM,MM,MM,,MM,188
2024,05,11,02,00,0.1,MM,MM,MM,MM,MM,MM,,MM,152
2024,05,11,01,50,0.1,MM,MM,MM,MM,MM,MM,,MM,159
2024,05,11,01,40,0.1,MM,MM,MM,MM,MM,MM,,MM,176
2024,05,11,01,30,0.1,MM,MM,MM,MM,MM,MM,,MM,196
2024,05,11,01,20,0.1,MM,MM,MM,MM,MM,MM,,MM,206
2024,05,11,01,10,0.1,MM,MM,MM,MM,MM,MM,,MM,228
2024,05,11,01,00,0.1,MM,MM,MM,MM,MM,MM,,MM,224
2024,05,11,00,50,0.1,MM,MM,MM,MM,MM,MM,,MM,206
2024,05,11,00,40,0.1,MM,MM,MM,MM,MM,MM,,MM,216
2024,05,11,00,30,0.1,MM,MM,MM,MM,MM,MM,,MM,246
2024,05,11,00,20,0.1,MM,MM,MM,MM,MM,MM,,MM,265
2024,05,11,00,10,0.1,MM,MM,MM,MM,MM,MM,,MM,278
2024,05,11,00,00,0.1,MM,MM,MM,MM,MM,MM,,MM,299
2024,05,10,23,50,0.2,MM,MM,MM,MM,MM,MM,,MM,326
2024,05,10,23,40,0.2,MM,MM,MM,MM,MM,MM,,MM,346
2024,05,10,23,30,0.2,MM,MM,MM,MM,MM,MM,,MM,226
2024,05,10,23,20,0.2,MM,MM,MM,MM,MM,MM,,MM,36
2024,05,10,23,10,0.2,MM,MM,MM,MM,MM,MM,,MM,102
2024,05,10,23,00,0.1,MM,MM,MM,MM,MM,MM,,MM,183
2024,05,10,22,50,0.1,MM,MM,MM,MM,MM,MM,,MM,160
2024,05,10,22,40,0.1,MM,MM,MM,MM,MM,MM,,MM,150
2024,05,10,22,30,0.1,MM,MM,MM,MM,MM,MM,,MM,133
2024,05,10,22,20,0.1,MM,MM,MM,MM,MM,MM,,MM,118
2024,05,10,22,10,0.1,MM,MM,MM,MM,MM,MM,,MM,98
